рег. номер,название,первый отчёт в базе,последний отчёт в базе,начало лицензии,окончание лицензии,дата отзыва,приказ об отзыве,итог,вид конца,правопреемник,на чём основана запись,что нужно
3,"МАКБ ""ПРЕМЬЕР"" ЗАО",1998-01-01,2008-08-01,1988-08-29,2008-08-27,2008-08-27,,licence_revoked,economic,,"Вестник: liq_table,order",номер приказа об отзыве
5,"Банк ""Кредит-Москва"" (ПАО)",1998-01-01,2016-07-01,1988-09-21,2016-07-22,2016-07-22,,licence_revoked,economic,,Вестник: order,номер приказа об отзыве
11,"АО ""МНБ ""Континент""",2000-01-01,2006-01-01,1988-10-11,1997-07-31,1997-07-31,02-337,licence_revoked,revoked_reason_unknown,,Вестник: liq_table,"причина отзыва: номер и дата приказа, основания (текст приказа или выпуск «Вестника Банка России»)"
17,АМБИ,2001-07-01,2002-06-01,1988-11-04,1997-07-24,,,licence_ended_kind_unknown,ended_kind_unknown,,справочник BNKSEEK: дата окончания лицензии,"вид прекращения: отзыв, аннулирование, присоединение или иное; дата и документ"
18,"ОАО КБ ""Стройкредит""",1998-01-01,2014-03-01,1988-11-05,2014-03-18,2014-03-18,,licence_revoked,false_only,,Вестник: order,номер приказа об отзыве
22,"ОАО ""АБ ""Инкомбанк""",1998-01-01,2005-05-01,1988-11-11,1998-10-29,1998-10-29,ОД-520,licence_revoked,revoked_reason_unknown,,Вестник: liq_table,"причина отзыва: номер и дата приказа, основания (текст приказа или выпуск «Вестника Банка России»)"
26,ВОСТОК,2008-01-01,2008-04-01,1988-11-23,1996-05-05,1996-05-05,,licence_revoked,revoked_reason_unknown,,Вестник: liq_table,"причина отзыва: номер и дата приказа, основания (текст приказа или выпуск «Вестника Банка России»); номер приказа об отзыве"
29,СТРОМБАНК,2008-01-01,2008-04-01,,1995-11-02,,,licence_ended_kind_unknown,ended_kind_unknown,,справочник BNKSEEK: дата окончания лицензии,"вид прекращения: отзыв, аннулирование, присоединение или иное; дата и документ; дата регистрации (начала лицензии)"
33,СЕВЕРНЫЙ,2008-01-01,2008-04-01,,1994-03-05,,,licence_ended_kind_unknown,ended_kind_unknown,,справочник BNKSEEK: дата окончания лицензии,"вид прекращения: отзыв, аннулирование, присоединение или иное; дата и документ; дата регистрации (начала лицензии)"
34,ГАРАНТ,2003-04-01,2005-05-01,1988-12-22,1995-02-16,1995-02-16,02-23,licence_revoked,revoked_reason_unknown,,Вестник: liq_table,"причина отзыва: номер и дата приказа, основания (текст приказа или выпуск «Вестника Банка России»)"
36,АЭРОФЛОТБАНК,2000-07-01,2003-06-01,1988-12-27,1997-01-27,,,licence_ended_kind_unknown,ended_kind_unknown,,справочник BNKSEEK: дата окончания лицензии,"вид прекращения: отзыв, аннулирование, присоединение или иное; дата и документ"
41,МЕНАТЕП,1998-01-01,2002-05-01,1988-12-29,1999-05-18,,,licence_ended_kind_unknown,ended_kind_unknown,,справочник BNKSEEK: дата окончания лицензии,"вид прекращения: отзыв, аннулирование, присоединение или иное; дата и документ"
42,ФИНИСТ-БАНК,1998-08-01,1998-11-01,,1996-06-11,1996-06-11,,licence_revoked,revoked_reason_unknown,,Вестник: liq_table,"причина отзыва: номер и дата приказа, основания (текст приказа или выпуск «Вестника Банка России»); дата регистрации (начала лицензии); номер приказа об отзыве"
51,ПРОГРЕССБАНК,1999-09-01,2001-06-01,1989-01-20,1995-10-24,,,licence_ended_kind_unknown,ended_kind_unknown,,справочник BNKSEEK: дата окончания лицензии,"вид прекращения: отзыв, аннулирование, присоединение или иное; дата и документ"
52,"ПАО ""Энергомашбанк""",1998-01-01,2021-06-01,1989-01-20,2021-06-09,2021-06-09,,licence_revoked,economic,,Вестник: press | причина по сообщению Банка России об отзыве (поиск 05.10.2026),номер приказа об отзыве
55,"ПАО МАБ ""Темпбанк""",1998-01-01,2017-10-01,1989-01-24,2017-10-02,2017-10-02,,licence_revoked,economic,,Вестник: order,номер приказа об отзыве
57,ЭНЕРГИЯ,1998-01-01,1998-02-01,,1995-03-24,,,licence_ended_kind_unknown,ended_kind_unknown,,справочник BNKSEEK: дата окончания лицензии,"вид прекращения: отзыв, аннулирование, присоединение или иное; дата и документ; дата регистрации (начала лицензии)"
61,"АКБ ""СбС-АГРО""",1998-06-01,2004-06-01,1989-02-14,2003-01-16,2003-01-16,,licence_revoked,revoked_reason_unknown,,Вестник: liq_table,"причина отзыва: номер и дата приказа, основания (текст приказа или выпуск «Вестника Банка России»); номер приказа об отзыве"
65,"ООО КБ ""КОЛЬЦО УРАЛА""",1998-01-01,2022-01-01,1989-02-24,2022-01-01,,,licence_ended_kind_unknown,ended_kind_unknown,,справочник BNKSEEK: дата окончания лицензии,"вид прекращения: отзыв, аннулирование, присоединение или иное; дата и документ"
73,ДРЕВМАШ,2001-11-01,2003-06-01,1989-03-22,1997-07-31,,,licence_ended_kind_unknown,ended_kind_unknown,,справочник BNKSEEK: дата окончания лицензии,"вид прекращения: отзыв, аннулирование, присоединение или иное; дата и документ"
84,"ОАО ""Далькомбанк""",1998-06-01,2012-09-01,1989-04-25,2012-09-10,,,licence_ended_kind_unknown,ended_kind_unknown,,справочник BNKSEEK: дата окончания лицензии,"вид прекращения: отзыв, аннулирование, присоединение или иное; дата и документ"
86,ВОСТОКИНВЕСТБАНК,1998-10-01,2005-05-01,1989-04-26,1996-05-23,1996-05-23,02-175,licence_revoked,revoked_reason_unknown,,Вестник: liq_table,"причина отзыва: номер и дата приказа, основания (текст приказа или выпуск «Вестника Банка России»)"
93,ТИМАН-БАНК,1998-06-01,1999-03-01,,1996-08-13,,,licence_ended_kind_unknown,ended_kind_unknown,,справочник BNKSEEK: дата окончания лицензии,"вид прекращения: отзыв, аннулирование, присоединение или иное; дата и документ; дата регистрации (начала лицензии)"
96,"АО ""Кемсоцинбанк""",1998-01-01,2019-05-01,1989-05-15,2019-05-31,2019-05-31,,licence_revoked,economic,,"Вестник: order,press",номер приказа об отзыве
98,"ООО КБ ""Кубань""",1998-01-01,2009-10-01,1989-05-24,2009-11-18,2009-11-18,,licence_revoked,false_only,,"Вестник: liq_table,order",номер приказа об отзыве
103,"ООО ""РКБ""",1998-01-01,2018-02-01,1994-12-15,2018-02-02,2018-02-02,,licence_revoked,aml,,Вестник: order,номер приказа об отзыве
107,"АКБ ""Инвестбанк"" (ОАО)",1998-06-01,2013-12-01,1989-06-07,2013-12-13,2013-12-13,,licence_revoked,other,,Вестник: order,номер приказа об отзыве
110,СТРОЙНОВАЦИЯ,1998-01-01,2000-12-01,1989-06-16,1999-02-26,,,licence_ended_kind_unknown,ended_kind_unknown,,справочник BNKSEEK: дата окончания лицензии,"вид прекращения: отзыв, аннулирование, присоединение или иное; дата и документ"
116,"АКБ ""МСБ"" (ОАО)",1998-01-01,2007-03-01,1989-06-21,2008-11-11,2008-11-11,,licence_revoked,revoked_reason_unknown,,Вестник: liq_table,"причина отзыва: номер и дата приказа, основания (текст приказа или выпуск «Вестника Банка России»); номер приказа об отзыве"
117,РУССКО-АЗИАТСКИЙ,1998-10-01,2006-01-01,1989-06-23,1996-10-14,1996-10-14,02-386,licence_revoked,revoked_reason_unknown,,Вестник: liq_table,"причина отзыва: номер и дата приказа, основания (текст приказа или выпуск «Вестника Банка России»)"
118,"ОАО ""АСТРАХАНЬПРОМБАНК""",1998-01-01,2008-12-01,1989-06-23,2009-01-26,2009-01-26,,licence_revoked,aml,,"Вестник: liq_table,order",номер приказа об отзыве
119,"ОАО ""Агрохимбанк""",1998-01-01,2008-12-01,1989-06-23,2008-12-29,2008-12-29,,licence_revoked,economic,,"Вестник: liq_table,order",номер приказа об отзыве
122,"ЗАО ""КОНВЕРСБАНК""",1998-01-01,2008-04-01,1989-06-26,2008-04-15,,,licence_ended_kind_unknown,ended_kind_unknown,,справочник BNKSEEK: дата окончания лицензии,"вид прекращения: отзыв, аннулирование, присоединение или иное; дата и документ"
130,СРЕДУРАЛБАНК,1998-01-01,2001-06-01,1989-07-06,1999-03-22,,,licence_ended_kind_unknown,ended_kind_unknown,,справочник BNKSEEK: дата окончания лицензии,"вид прекращения: отзыв, аннулирование, присоединение или иное; дата и документ"
133,МОСКОВСКИЙ БАНК ПРОМСТРОЙМАТЕРИАЛОВ,1998-01-01,2004-01-01,1989-07-07,2000-12-07,2000-12-07,,licence_revoked,revoked_reason_unknown,,Вестник: liq_table,"причина отзыва: номер и дата приказа, основания (текст приказа или выпуск «Вестника Банка России»); номер приказа об отзыве"
135,ПРОВИНЦИАЛБАНК,1998-06-01,2000-12-01,1989-07-12,1998-09-28,,,licence_ended_kind_unknown,ended_kind_unknown,,справочник BNKSEEK: дата окончания лицензии,"вид прекращения: отзыв, аннулирование, присоединение или иное; дата и документ"
136,РОСРЕМСТРОЙБАНК,1998-01-01,2002-12-01,1989-07-17,2000-08-30,,,licence_ended_kind_unknown,ended_kind_unknown,,справочник BNKSEEK: дата окончания лицензии,"вид прекращения: отзыв, аннулирование, присоединение или иное; дата и документ"
138,"АО ""Рускобанк""",1998-01-01,2016-06-01,1989-07-20,2016-06-21,2016-06-21,,licence_revoked,aml,,Вестник: order,номер приказа об отзыве
140,МОСКОВСКИЙ ТОРГОВЫЙ БАНК,2000-03-01,2000-09-01,1989-07-28,1994-09-28,,,licence_ended_kind_unknown,ended_kind_unknown,,справочник BNKSEEK: дата окончания лицензии,"вид прекращения: отзыв, аннулирование, присоединение или иное; дата и документ"
141,ПОЛЮС-БАНК,1998-06-01,2002-05-01,1989-07-28,1998-07-30,,,licence_ended_kind_unknown,ended_kind_unknown,,справочник BNKSEEK: дата окончания лицензии,"вид прекращения: отзыв, аннулирование, присоединение или иное; дата и документ"
142,"АО ""ДАЛТА-БАНК""",1998-01-01,2015-08-01,1989-07-31,2015-08-21,2015-08-21,,licence_revoked,aml,,"Вестник: liq_table,order",номер приказа об отзыве
149,"НКО ""Континент Финанс"" (ПАО)",1998-01-01,2017-08-01,1989-08-04,2017-08-09,2017-08-09,,licence_revoked,aml,,Вестник: order,номер приказа об отзыве
151,БАНК РАЗВИТИЯ-ХХI ВЕК,1998-01-01,2002-05-01,1989-08-07,1999-06-30,,,licence_ended_kind_unknown,ended_kind_unknown,,справочник BNKSEEK: дата окончания лицензии,"вид прекращения: отзыв, аннулирование, присоединение или иное; дата и документ"
155,"ООО КБСИ ""Стройиндбанк""",1998-06-01,2013-11-01,1989-08-11,2013-11-11,2013-11-11,,licence_revoked,aml,,Вестник: liq_table,номер приказа об отзыве
164,РИНОБАНК,1998-01-01,1998-02-01,,1995-12-08,,,licence_ended_kind_unknown,ended_kind_unknown,,справочник BNKSEEK: дата окончания лицензии,"вид прекращения: отзыв, аннулирование, присоединение или иное; дата и документ; дата регистрации (начала лицензии)"
171,"""РОССТРОМБАНК""",1998-01-01,2004-04-01,1989-09-25,1999-03-23,1999-03-23,,licence_revoked,economic,,Вестник: liq_table,номер приказа об отзыве
184,"ООО ИКБ ""МЕСЕД""",1998-01-01,2014-08-01,1989-10-12,2014-08-28,,,licence_ended_kind_unknown,ended_kind_unknown,,справочник BNKSEEK: дата окончания лицензии,"вид прекращения: отзыв, аннулирование, присоединение или иное; дата и документ"
187,ТОВНАРБАНК,2000-02-01,2001-05-01,1989-10-19,1996-05-23,,,licence_ended_kind_unknown,ended_kind_unknown,,справочник BNKSEEK: дата окончания лицензии,"вид прекращения: отзыв, аннулирование, присоединение или иное; дата и документ"
195,ТОКОБАНК,1998-06-01,2001-12-01,1989-10-31,1998-08-31,,,licence_ended_kind_unknown,ended_kind_unknown,,справочник BNKSEEK: дата окончания лицензии,"вид прекращения: отзыв, аннулирование, присоединение или иное; дата и документ"
197,Банк МБСП (АО),1998-01-01,2018-10-01,1989-11-01,2018-10-31,2018-10-31,,licence_revoked,economic,,справочник/реестр ЦБ | причина по сообщению Банка России об отзыве (поиск 05.10.2026),номер приказа об отзыве
202,ИМПУЛЬСБАНК,2001-12-01,2005-05-01,1989-11-20,1996-05-05,1996-05-05,02-96,licence_revoked,revoked_reason_unknown,,Вестник: liq_table,"причина отзыва: номер и дата приказа, основания (текст приказа или выпуск «Вестника Банка России»)"
203,ОРБИТА,1998-01-01,2002-01-01,1989-11-22,1999-04-05,,,licence_ended_kind_unknown,ended_kind_unknown,,справочник BNKSEEK: дата окончания лицензии,"вид прекращения: отзыв, аннулирование, присоединение или иное; дата и документ"
207,"АКБ ""ДиалогБанк"" (ЗАО)",1998-01-01,2003-07-01,1989-11-24,1999-11-16,1999-11-16,,licence_revoked,economic,,Вестник: liq_table,номер приказа об отзыве
208,"Банк ""СИБЭС"" (АО)",1998-01-01,2017-04-01,1989-11-29,2017-04-28,2017-04-28,,licence_revoked,aml,,Вестник: order,номер приказа об отзыве
209,"ООО КБ ""ФОНОН""",1998-01-01,2006-07-01,1989-11-30,2006-08-09,2006-08-09,,licence_revoked,aml,,Вестник: liq_table,номер приказа об отзыве
210,"КБ ""Экспресс-кредит"" (АО)",1998-01-01,2016-11-01,1989-12-05,2016-11-16,2016-11-16,,licence_revoked,economic,,Вестник: order,номер приказа об отзыве
215,"ООО КБ ""Машбанк""",1998-01-01,2003-09-01,1989-12-12,2000-03-24,2000-03-24,,licence_revoked,economic,,Вестник: liq_table,номер приказа об отзыве
223,ВОСТОКСТРОЙБАНК,1999-09-01,2000-08-01,1989-12-29,1995-11-03,,,licence_ended_kind_unknown,ended_kind_unknown,,справочник BNKSEEK: дата окончания лицензии,"вид прекращения: отзыв, аннулирование, присоединение или иное; дата и документ"
224,"ООО МКБ ""САТУРН""",1998-01-01,2007-11-01,1989-11-29,2007-11-26,2007-11-26,,licence_revoked,aml,,"Вестник: liq_table,order",номер приказа об отзыве
226,"АО КБ ""РосинтерБанк""",1998-01-01,2016-09-01,1990-01-11,2016-09-19,2016-09-19,,licence_revoked,economic,,Вестник: order,номер приказа об отзыве
228,"""Промрадтехбанк""",1998-06-01,2005-01-01,1990-01-17,2001-09-17,2001-09-17,ОД-320,licence_revoked,revoked_reason_unknown,,Вестник: liq_table,"причина отзыва: номер и дата приказа, основания (текст приказа или выпуск «Вестника Банка России»)"
232,АО Банк ЗЕНИТ Сочи,1998-01-01,2020-05-01,1990-01-30,2020-05-08,,,licence_ended_kind_unknown,ended_kind_unknown,,справочник BNKSEEK: дата окончания лицензии,"вид прекращения: отзыв, аннулирование, присоединение или иное; дата и документ"
234,"КБ ""Первый Городской Банк"" (ОАО)",1998-01-01,2004-04-01,1990-01-31,2002-12-18,2002-12-18,,licence_revoked,economic,,"Вестник: liq_table,order",номер приказа об отзыве
235,"ООО КБ ""Профбанк""",1998-01-01,2006-11-01,1990-01-31,2006-12-04,2006-12-05,,licence_revoked,aml,,"Вестник: liq_table,order",номер приказа об отзыве
241,"ЗАО ""Рыбхозбанк""",1998-01-01,2008-02-01,1990-02-14,2008-03-05,2008-03-06,,licence_revoked,economic,,"Вестник: liq_table,order",номер приказа об отзыве
251,СТАНКОМЕХПРОМБАНК,2002-12-01,2004-07-01,1990-03-01,1994-04-12,1994-04-12,,licence_revoked,revoked_reason_unknown,,Вестник: liq_table,"причина отзыва: номер и дата приказа, основания (текст приказа или выпуск «Вестника Банка России»); номер приказа об отзыве"
257,БАМКРЕДИТ,1998-01-01,2000-09-01,1990-03-12,1998-02-26,,,licence_ended_kind_unknown,ended_kind_unknown,,справочник BNKSEEK: дата окончания лицензии,"вид прекращения: отзыв, аннулирование, присоединение или иное; дата и документ"
269,"(ОАО банк ""Дорожник"")",1998-01-01,2007-08-01,1990-04-06,2007-08-09,,,licence_ended_kind_unknown,ended_kind_unknown,,справочник BNKSEEK: дата окончания лицензии,"вид прекращения: отзыв, аннулирование, присоединение или иное; дата и документ"
272,"АКБ ""ИРС"" (АО)",1998-01-01,2021-05-01,1990-04-10,2021-05-28,2021-05-28,,licence_revoked,other,,Вестник: press,номер приказа об отзыве
274,"КБ ""Технобанк""",1998-01-01,2003-04-01,1990-04-11,2000-03-24,2000-03-24,,licence_revoked,economic,,Вестник: liq_table,номер приказа об отзыве
278,ЕДИНЕНИЕ,1998-01-01,2002-02-01,1990-04-19,1995-12-08,,,licence_ended_kind_unknown,ended_kind_unknown,,справочник BNKSEEK: дата окончания лицензии,"вид прекращения: отзыв, аннулирование, присоединение или иное; дата и документ"
282,"ОАО ""Волго-Камский банк""",1998-06-01,2013-11-01,1990-04-27,2013-11-11,,,licence_ended_kind_unknown,ended_kind_unknown,,справочник BNKSEEK: дата окончания лицензии,"вид прекращения: отзыв, аннулирование, присоединение или иное; дата и документ"
286,"Коммерческий Банк ""Аскания Траст"" (ООО)",1998-01-01,2014-08-01,1990-05-10,2014-08-08,2014-08-08,,licence_revoked,economic,,Вестник: order,номер приказа об отзыве
299,ВНЕШТОРГ-РЕГИОН-БАНК,1998-01-01,1998-02-01,1990-06-04,1997-07-10,,,licence_ended_kind_unknown,ended_kind_unknown,,справочник BNKSEEK: дата окончания лицензии,"вид прекращения: отзыв, аннулирование, присоединение или иное; дата и документ"
303,СИББАНК,1999-01-01,1999-09-01,,1998-01-08,,,licence_ended_kind_unknown,ended_kind_unknown,,справочник BNKSEEK: дата окончания лицензии,"вид прекращения: отзыв, аннулирование, присоединение или иное; дата и документ; дата регистрации (начала лицензии)"
306,"ОАО ""Межкомбанк""",1998-01-01,2004-02-01,1990-06-05,1999-07-01,1999-07-01,,licence_revoked,economic,,Вестник: liq_table,номер приказа об отзыве
307,"ОАО КБ ""ПРОМБАНК""",1998-01-01,2009-12-01,1990-06-06,2009-12-28,2009-12-28,,licence_revoked,aml,,"Вестник: liq_table,order",номер приказа об отзыве
315,РОСТУРБАНК,2002-12-01,2004-05-01,1990-06-18,1995-11-03,1995-11-03,,licence_revoked,revoked_reason_unknown,,Вестник: liq_table,"причина отзыва: номер и дата приказа, основания (текст приказа или выпуск «Вестника Банка России»); номер приказа об отзыве"
318,РАРИТЕТ,1998-06-01,1999-07-01,,1994-05-27,,,licence_ended_kind_unknown,ended_kind_unknown,,справочник BNKSEEK: дата окончания лицензии,"вид прекращения: отзыв, аннулирование, присоединение или иное; дата и документ; дата регистрации (начала лицензии)"
323,"ПАО ""БИНБАНК""",1998-01-01,2019-01-01,1990-06-25,2019-01-01,,,licence_ended_kind_unknown,ended_kind_unknown,,справочник BNKSEEK: дата окончания лицензии,"вид прекращения: отзыв, аннулирование, присоединение или иное; дата и документ"
324,"ОАО ""БАНК РОССИЙСКИЙ КРЕДИТ""",1998-01-01,2015-07-01,1990-06-26,2015-07-24,2015-07-24,,licence_revoked,false_only,,Вестник: order,номер приказа об отзыве
329,"ООО КБ ""Забота""",1998-01-01,2008-10-01,1990-06-28,1999-03-23,,,licence_ended_kind_unknown,ended_kind_unknown,,справочник BNKSEEK: дата окончания лицензии,"вид прекращения: отзыв, аннулирование, присоединение или иное; дата и документ"
332,РЕСУРС-БАНК,1998-11-01,2001-12-01,1990-06-04,1996-07-22,,,licence_ended_kind_unknown,ended_kind_unknown,,справочник BNKSEEK: дата окончания лицензии,"вид прекращения: отзыв, аннулирование, присоединение или иное; дата и документ"
337,ПОВОЛЖЬЕ,1998-06-01,1999-07-01,,1996-05-13,,,licence_ended_kind_unknown,ended_kind_unknown,,справочник BNKSEEK: дата окончания лицензии,"вид прекращения: отзыв, аннулирование, присоединение или иное; дата и документ; дата регистрации (начала лицензии)"
339,"АКБ ""Авиабанк""",1998-01-01,2004-12-01,1990-08-06,1999-03-10,1999-03-10,ОД-78,licence_revoked,revoked_reason_unknown,,Вестник: liq_table,"причина отзыва: номер и дата приказа, основания (текст приказа или выпуск «Вестника Банка России»)"
340,"ООО КБ ""КОМИ ЭКСИМБАНК""",1998-01-01,2003-07-01,1990-07-12,2000-09-07,2000-09-07,,licence_revoked,economic,,Вестник: liq_table,номер приказа об отзыве
346,"ООО КБ ""ФЕМИЛИ""",1998-01-01,2009-03-01,1990-07-23,2009-04-15,2009-04-15,,licence_revoked,economic,,"Вестник: liq_table,order",номер приказа об отзыве
347,"ООО ""НОВЫЙ КОММЕРЧЕСКИЙ БАНК""",1998-01-01,2014-07-01,1990-07-23,2014-07-25,2014-07-25,,licence_revoked,aml,,Вестник: order,номер приказа об отзыве
358,НИЖНЕВАРТОВСКИЙ ИННОВАЦИОННЫЙ,1998-06-01,2002-04-01,1990-08-03,1999-05-18,,,licence_ended_kind_unknown,ended_kind_unknown,,справочник BNKSEEK: дата окончания лицензии,"вид прекращения: отзыв, аннулирование, присоединение или иное; дата и документ"
370,"Банк ""Новый Символ"" (АО)",1998-01-01,2017-11-01,1990-08-09,2017-11-27,,,licence_ended_kind_unknown,ended_kind_unknown,,справочник BNKSEEK: дата окончания лицензии,"вид прекращения: отзыв, аннулирование, присоединение или иное; дата и документ"
371,КАМЧАТКОМБАНК,1998-01-01,1999-12-01,1990-08-09,1995-12-08,,,licence_ended_kind_unknown,ended_kind_unknown,,справочник BNKSEEK: дата окончания лицензии,"вид прекращения: отзыв, аннулирование, присоединение или иное; дата и документ"
374,ЕВРОАЗИЯБАНК,1998-01-01,2002-02-01,1990-08-10,1998-06-24,,,licence_ended_kind_unknown,ended_kind_unknown,,справочник BNKSEEK: дата окончания лицензии,"вид прекращения: отзыв, аннулирование, присоединение или иное; дата и документ"
383,"АКБ ""СЛАВЯНСКИЙ БАНК"" (ЗАО)",1998-01-01,2010-11-01,1990-08-21,2010-12-03,2010-12-03,,licence_revoked,false_only,,справочник/реестр ЦБ,номер приказа об отзыве
384,"НКО ""ЕРП"" (ООО)",1998-01-01,2022-02-01,1990-08-12,2022-02-11,2022-02-11,,alive_2022,,,"Вестник: order,press",номер приказа об отзыве
385,"ОАО ""СИБНЕФТЕБАНК""",1998-06-01,2015-06-01,1990-08-22,2015-06-01,2015-06-01,,licence_revoked,economic,,Вестник: order,номер приказа об отзыве
388,РУССКИЙ БАНК,2000-08-01,2001-12-01,1990-08-30,1995-11-03,,,licence_ended_kind_unknown,ended_kind_unknown,,справочник BNKSEEK: дата окончания лицензии,"вид прекращения: отзыв, аннулирование, присоединение или иное; дата и документ"
389,"ЗАО АКБ ""Юганскнефтебанк""",1998-06-01,2002-12-01,1990-08-30,2003-01-30,,,licence_ended_kind_unknown,ended_kind_unknown,,справочник BNKSEEK: дата окончания лицензии,"вид прекращения: отзыв, аннулирование, присоединение или иное; дата и документ"
390,ЯКУТСК МУНИЦИПАЛЬНЫЙ,1998-01-01,2003-05-01,1990-08-30,1998-03-11,1998-03-11,,licence_revoked,revoked_reason_unknown,,Вестник: liq_table,"причина отзыва: номер и дата приказа, основания (текст приказа или выпуск «Вестника Банка России»); номер приказа об отзыве"
391,"ОАО ""АБ ""ПУШКИНО""",1998-06-01,2013-09-01,1990-08-30,2013-09-30,2013-09-30,,licence_revoked,aml,,справочник/реестр ЦБ,номер приказа об отзыве
392,"АКБ ""Сигма"" (ЗАО)",1998-01-01,2006-06-01,1990-08-31,2006-07-05,2006-07-05,,licence_revoked,revoked_reason_unknown,,Вестник: liq_table,"причина отзыва: номер и дата приказа, основания (текст приказа или выпуск «Вестника Банка России»); номер приказа об отзыве"
393,СТАВБАНК,1998-01-01,2002-01-01,1990-08-31,1998-10-14,,,licence_ended_kind_unknown,ended_kind_unknown,,справочник BNKSEEK: дата окончания лицензии,"вид прекращения: отзыв, аннулирование, присоединение или иное; дата и документ"
400,СТЕМА-БАНК,1998-01-01,2001-07-01,1990-09-06,1998-12-04,,,licence_ended_kind_unknown,ended_kind_unknown,,справочник BNKSEEK: дата окончания лицензии,"вид прекращения: отзыв, аннулирование, присоединение или иное; дата и документ"
408,ФАРН,2000-03-01,2005-05-01,1990-09-19,1997-05-23,1997-05-23,02-227,licence_revoked,revoked_reason_unknown,,Вестник: liq_table,"причина отзыва: номер и дата приказа, основания (текст приказа или выпуск «Вестника Банка России»)"
414,"ОАО БАНК ""ЮГО-ВОСТОК""",1998-01-01,2009-12-01,1990-09-25,2009-12-23,,,licence_ended_kind_unknown,ended_kind_unknown,,справочник BNKSEEK: дата окончания лицензии,"вид прекращения: отзыв, аннулирование, присоединение или иное; дата и документ"
419,"Банк ""Монетный дом"" ОАО",1998-01-01,2010-12-01,1990-09-26,2010-12-20,,,licence_ended_kind_unknown,ended_kind_unknown,,справочник BNKSEEK: дата окончания лицензии,"вид прекращения: отзыв, аннулирование, присоединение или иное; дата и документ"
430,"ПАО ""ИДЕЯ Банк""",1998-01-01,2016-11-01,1990-10-01,2016-12-19,2016-12-19,,licence_revoked,aml,,Вестник: order,номер приказа об отзыве
434,"ОАО ""СИБРЕГИОНБАНК""",1998-01-01,2003-09-01,1990-10-02,2003-09-23,2003-09-23,,licence_revoked,revoked_reason_unknown,,Вестник: liq_table,"причина отзыва: номер и дата приказа, основания (текст приказа или выпуск «Вестника Банка России»); номер приказа об отзыве"
439,"ОАО ""Банк ВТБ Северо-Запад""",1998-01-01,2011-03-01,1990-10-03,2011-03-18,,,licence_ended_kind_unknown,ended_kind_unknown,,справочник BNKSEEK: дата окончания лицензии,"вид прекращения: отзыв, аннулирование, присоединение или иное; дата и документ"
440,СТАВИНТЕРБАНК,1998-01-01,2001-12-01,1990-10-04,1999-10-19,,,licence_ended_kind_unknown,ended_kind_unknown,,справочник BNKSEEK: дата окончания лицензии,"вид прекращения: отзыв, аннулирование, присоединение или иное; дата и документ"
441,"АКБ ""ОАО ""Тюменьпрофбанк""",1998-06-01,2006-01-01,1990-10-04,2007-08-09,,,licence_ended_kind_unknown,ended_kind_unknown,,справочник BNKSEEK: дата окончания лицензии,"вид прекращения: отзыв, аннулирование, присоединение или иное; дата и документ"
447,КСЭРТ-БАНК,1998-01-01,2002-02-01,1990-10-09,2002-02-26,,,licence_ended_kind_unknown,ended_kind_unknown,,справочник BNKSEEK: дата окончания лицензии,"вид прекращения: отзыв, аннулирование, присоединение или иное; дата и документ"
451,ЯКУТИЯ,1998-01-01,2003-02-01,1990-10-09,2000-12-07,2000-12-07,,licence_revoked,false_only,,Вестник: liq_table,номер приказа об отзыве
452,"АБ ""Кубинбанк""",1998-01-01,2005-05-01,1990-10-10,1998-04-29,1998-04-29,ОД-215,licence_revoked,revoked_reason_unknown,,Вестник: liq_table,"причина отзыва: номер и дата приказа, основания (текст приказа или выпуск «Вестника Банка России»)"
453,УСТЬ-ЛАБИНСКИЙ,1998-01-01,2006-01-01,1990-10-09,1998-12-04,1998-12-04,ОД-596,licence_revoked,revoked_reason_unknown,,Вестник: liq_table,"причина отзыва: номер и дата приказа, основания (текст приказа или выпуск «Вестника Банка России»)"
454,АНАПА,1998-01-01,1998-02-01,1990-10-09,1998-03-11,,,licence_ended_kind_unknown,ended_kind_unknown,,справочник BNKSEEK: дата окончания лицензии,"вид прекращения: отзыв, аннулирование, присоединение или иное; дата и документ"
456,"АКБ ""Крыловский"" (АО)",1998-01-01,2017-08-01,1990-10-10,2017-08-02,2017-08-02,,licence_revoked,economic,,Вестник: order,номер приказа об отзыве
457,"ОАО АКБ ""УРАЛСИБ-ЮГ БАНК""",1998-01-01,2010-05-01,1990-10-10,2010-05-11,,,licence_ended_kind_unknown,ended_kind_unknown,,справочник BNKSEEK: дата окончания лицензии,"вид прекращения: отзыв, аннулирование, присоединение или иное; дата и документ"
461,"АКБ ""Соцкомбанк"" (ЗАО)",1998-01-01,2004-06-01,1990-10-10,2002-03-05,2002-03-05,,licence_revoked,economic,,Вестник: liq_table,номер приказа об отзыве
462,ТХАБАНК,2003-01-01,2004-10-01,1990-10-10,1997-05-27,1997-05-27,02-239,licence_revoked,revoked_reason_unknown,,Вестник: liq_table,"причина отзыва: номер и дата приказа, основания (текст приказа или выпуск «Вестника Банка России»)"
466,"ОАО КБ ""Максимум""",1998-01-01,2015-11-01,1990-10-11,2015-11-23,2015-11-23,,licence_revoked,other,,Вестник: order,номер приказа об отзыве
467,"ООО КБ ""Новопокровский""",1998-01-01,2017-12-01,1990-10-11,2017-12-04,2017-12-04,,licence_revoked,aml,,Вестник: order,номер приказа об отзыве
469,"ООО ""Русский Национальный Банк""",1998-01-01,2018-06-01,1990-10-11,2018-06-06,,,licence_ended_kind_unknown,ended_kind_unknown,,справочник BNKSEEK: дата окончания лицензии,"вид прекращения: отзыв, аннулирование, присоединение или иное; дата и документ"
470,"ООО КБ ""Мособлинвестбанк""",1998-01-01,2006-06-01,1990-10-11,2006-07-14,2006-07-14,,licence_revoked,economic,,"Вестник: liq_table,order",номер приказа об отзыве
474,"АКБ ""ЕНИСЕЙ"" (ПАО)",1998-01-01,2017-02-01,1990-10-12,2017-02-09,2017-02-09,,licence_revoked,false_only,,Вестник: order,номер приказа об отзыве
476,ПРИАЗОВЬЕ,1998-01-01,2001-10-01,1990-10-12,1998-08-26,,,licence_ended_kind_unknown,ended_kind_unknown,,справочник BNKSEEK: дата окончания лицензии,"вид прекращения: отзыв, аннулирование, присоединение или иное; дата и документ"
483,РОСТОВСОЦБАНК,1998-01-01,2002-06-01,1990-10-15,1998-09-11,,,licence_ended_kind_unknown,ended_kind_unknown,,справочник BNKSEEK: дата окончания лицензии,"вид прекращения: отзыв, аннулирование, присоединение или иное; дата и документ"
488,"АКБ ""Электроника"" ОАО",1998-01-01,2008-12-01,1990-10-17,2008-12-25,2008-12-25,,licence_revoked,revoked_reason_unknown,,Вестник: liq_table,"причина отзыва: номер и дата приказа, основания (текст приказа или выпуск «Вестника Банка России»); номер приказа об отзыве"
499,КАНЕВСКИЙ,1998-01-01,2000-12-01,1990-10-17,1998-08-26,,,licence_ended_kind_unknown,ended_kind_unknown,,справочник BNKSEEK: дата окончания лицензии,"вид прекращения: отзыв, аннулирование, присоединение или иное; дата и документ"
506,"Банк ""Казначейский""",1998-01-01,2005-04-01,1990-10-17,1998-09-03,1998-09-03,ОД-423,licence_revoked,revoked_reason_unknown,,Вестник: liq_table,"причина отзыва: номер и дата приказа, основания (текст приказа или выпуск «Вестника Банка России»)"
507,"АО РНКО ""ПРИПОЛЯРКОМ""",1998-06-01,2016-08-01,1990-10-17,2016-08-12,2016-08-12,,licence_annulled,other,,"Вестник: liq_table | лицензия аннулирована по решению самого банка, добровольная ликвидация (приказ Банка России, поиск 05.10.2026)",номер приказа об отзыве
510,"АКБ ""ТЕКСТИЛЬ""",1998-01-01,2002-11-01,1990-10-17,1999-04-08,1999-04-08,,licence_revoked,economic,,Вестник: liq_table,номер приказа об отзыве
513,"ОАО БАНК ""МЕТАЛЭКС""",1998-01-01,2004-05-01,1990-10-18,2001-03-22,2001-03-22,,licence_revoked,revoked_reason_unknown,,Вестник: liq_table,"причина отзыва: номер и дата приказа, основания (текст приказа или выпуск «Вестника Банка России»); номер приказа об отзыве"
514,"ОАО ""АБ Финанс Банк""",1998-01-01,2011-12-01,1990-10-18,2011-12-06,,,licence_ended_kind_unknown,ended_kind_unknown,,справочник BNKSEEK: дата окончания лицензии,"вид прекращения: отзыв, аннулирование, присоединение или иное; дата и документ"
518,"Банк ""Первомайский"" (ПАО)",1998-01-01,2018-12-01,1990-10-19,2018-11-23,2018-11-23,,licence_revoked,economic,,справочник/реестр ЦБ | причина по сообщению Банка России об отзыве (поиск 05.10.2026),номер приказа об отзыве
520,"ООО КБ ""Финанс Бизнес Банк""",1998-01-01,2020-10-01,1990-10-19,2020-10-19,,,licence_ended_kind_unknown,ended_kind_unknown,1751,справочник BNKSEEK: дата окончания лицензии,"вид прекращения: отзыв, аннулирование, присоединение или иное; дата и документ"
522,ПЕНЗА,1998-06-01,2001-06-01,1990-10-19,1996-09-26,,,licence_ended_kind_unknown,ended_kind_unknown,,справочник BNKSEEK: дата окончания лицензии,"вид прекращения: отзыв, аннулирование, присоединение или иное; дата и документ"
523,АБРИС,1998-01-01,1999-11-01,1990-10-19,1996-05-24,,,licence_ended_kind_unknown,ended_kind_unknown,,справочник BNKSEEK: дата окончания лицензии,"вид прекращения: отзыв, аннулирование, присоединение или иное; дата и документ"
531,ООО Тревел Банк,1998-01-01,2012-01-01,1990-10-19,2012-01-23,,,licence_ended_kind_unknown,ended_kind_unknown,,справочник BNKSEEK: дата окончания лицензии,"вид прекращения: отзыв, аннулирование, присоединение или иное; дата и документ"
532,"ОАО ""Мобилбанк""",1998-01-01,2012-08-01,1990-10-19,2012-08-09,,,licence_ended_kind_unknown,ended_kind_unknown,,справочник BNKSEEK: дата окончания лицензии,"вид прекращения: отзыв, аннулирование, присоединение или иное; дата и документ"
533,"АО КБ ""Флора-Москва""",1998-01-01,2018-10-01,1990-10-19,2018-10-05,,,licence_ended_kind_unknown,ended_kind_unknown,,справочник BNKSEEK: дата окончания лицензии,"вид прекращения: отзыв, аннулирование, присоединение или иное; дата и документ"
540,ЕССЕНТУКИ,1998-01-01,2002-02-01,1990-10-22,1998-05-06,,,licence_ended_kind_unknown,ended_kind_unknown,,справочник BNKSEEK: дата окончания лицензии,"вид прекращения: отзыв, аннулирование, присоединение или иное; дата и документ"
541,ЮЖНО-ДОНСКОЙ,1998-01-01,2003-06-01,1990-10-22,1998-08-06,1998-08-06,,licence_revoked,revoked_reason_unknown,,Вестник: liq_table,"причина отзыва: номер и дата приказа, основания (текст приказа или выпуск «Вестника Банка России»); номер приказа об отзыве"
543,"КБСР ""Дагестан"" ООО",1998-01-01,2014-03-01,1990-10-22,2014-03-05,2014-03-05,,licence_revoked,aml,,"Вестник: liq_table,order",номер приказа об отзыве
545,"ПАО ""Камчаткомагропромбанк""",1998-01-01,2019-01-01,1990-10-22,2019-01-30,,,licence_ended_kind_unknown,ended_kind_unknown,,справочник BNKSEEK: дата окончания лицензии,"вид прекращения: отзыв, аннулирование, присоединение или иное; дата и документ"
546,"ОАО ""Принтбанк""",1998-06-01,2013-10-01,1990-10-22,2013-10-25,2013-10-25,,licence_revoked,aml,,Вестник: liq_table,номер приказа об отзыве
548,"АО ""СтарБанк""",1998-06-01,2016-03-01,1990-10-23,2016-03-18,2016-03-18,,licence_revoked,other,,Вестник: order,номер приказа об отзыве
553,МОСКОВСКИЙ МЕЖРЕГИОНАЛЬНЫЙ ММКБ,2000-10-01,2004-07-01,1990-10-23,1996-04-12,1996-04-12,,licence_revoked,revoked_reason_unknown,,Вестник: liq_table,"причина отзыва: номер и дата приказа, основания (текст приказа или выпуск «Вестника Банка России»); номер приказа об отзыве"
558,"АО Банк ""Советский""",1998-06-01,2018-07-01,1990-10-24,2018-07-03,2018-07-03,,licence_revoked,economic,,справочник/реестр ЦБ | причина по сообщению Банка России об отзыве (поиск 05.10.2026),номер приказа об отзыве
559,"КАБ ""КУЗБАССОЦБАНК""",1998-01-01,2002-10-01,1990-10-24,2000-12-07,2000-12-07,,licence_revoked,economic,,Вестник: liq_table,номер приказа об отзыве
561,"АКБ ""Контакт""",1998-01-01,2003-07-01,1990-10-23,1999-05-18,1999-05-18,,licence_revoked,other,,Вестник: liq_table,номер приказа об отзыве
563,ТЮМЕНЬПРОМСТРОЙБАНК,1998-06-01,2002-01-01,1990-10-24,1999-07-29,,,licence_ended_kind_unknown,ended_kind_unknown,,справочник BNKSEEK: дата окончания лицензии,"вид прекращения: отзыв, аннулирование, присоединение или иное; дата и документ"
566,ТЕМРЮКСКИЙ,1998-01-01,2006-01-01,1990-10-24,1998-03-18,1998-03-18,ОД-123,licence_revoked,revoked_reason_unknown,,Вестник: liq_table,"причина отзыва: номер и дата приказа, основания (текст приказа или выпуск «Вестника Банка России»)"
568,"АО КБ ""Златкомбанк""",1998-01-01,2018-12-01,1990-10-24,2018-12-06,2018-12-06,,licence_revoked,aml,,Вестник: order,номер приказа об отзыве
570,"ОАО ""АНДЖИБАНК""",1998-01-01,2013-07-01,1990-10-24,2013-07-19,,,licence_ended_kind_unknown,ended_kind_unknown,,справочник BNKSEEK: дата окончания лицензии,"вид прекращения: отзыв, аннулирование, присоединение или иное; дата и документ"
572,БАЙКАЛЬСКИЙ,1998-01-01,2004-08-01,1990-10-24,1996-12-06,1996-12-06,,licence_revoked,revoked_reason_unknown,,Вестник: liq_table,"причина отзыва: номер и дата приказа, основания (текст приказа или выпуск «Вестника Банка России»); номер приказа об отзыве"
573,"ОАО Акционерный Банк ""Евразия""",1998-01-01,2006-01-01,1990-10-24,2007-08-09,,,licence_ended_kind_unknown,ended_kind_unknown,,справочник BNKSEEK: дата окончания лицензии,"вид прекращения: отзыв, аннулирование, присоединение или иное; дата и документ"
576,"ООО КБ ""Новокубанский""",1998-01-01,2006-12-01,1990-10-24,2007-01-17,2007-01-17,,licence_revoked,revoked_reason_unknown,,Вестник: liq_table,"причина отзыва: номер и дата приказа, основания (текст приказа или выпуск «Вестника Банка России»); номер приказа об отзыве"
578,СРБ-БАНК,2003-02-01,2003-08-01,1990-10-26,1994-07-13,1994-07-13,,licence_revoked,revoked_reason_unknown,,Вестник: liq_table,"причина отзыва: номер и дата приказа, основания (текст приказа или выпуск «Вестника Банка России»); номер приказа об отзыве"
582,ВОСХОД,1998-06-01,1999-01-01,,1996-10-14,,,licence_ended_kind_unknown,ended_kind_unknown,,справочник BNKSEEK: дата окончания лицензии,"вид прекращения: отзыв, аннулирование, присоединение или иное; дата и документ; дата регистрации (начала лицензии)"
589,"ЗАО ""Вэлкомбанк""",1998-01-01,2012-02-01,1990-10-25,2012-02-28,2012-02-28,,licence_revoked,economic,,Вестник: liq_table,номер приказа об отзыве
593,ПСКОВРАЙКОМБАНК,1998-01-01,2001-12-01,1990-10-26,1997-02-06,,,licence_ended_kind_unknown,ended_kind_unknown,,справочник BNKSEEK: дата окончания лицензии,"вид прекращения: отзыв, аннулирование, присоединение или иное; дата и документ"
594,"ОАО ""ЕВРОСИБ БАНК""",1998-01-01,2014-07-01,1990-10-26,2014-07-07,2014-07-07,,licence_revoked,aml,,Вестник: order,номер приказа об отзыве
596,"Банк ""Уссури"" (АО)",1998-06-01,2018-05-01,1990-10-26,2018-05-25,2018-05-25,,licence_revoked,aml,,Вестник: order,номер приказа об отзыве
599,"ООО КБ ""Заречный""",1998-01-01,2002-09-01,1990-10-26,2002-09-17,,,licence_ended_kind_unknown,ended_kind_unknown,,справочник BNKSEEK: дата окончания лицензии,"вид прекращения: отзыв, аннулирование, присоединение или иное; дата и документ"
603,"ОАО ""СТРОЙПРОМБАНК""",1998-01-01,2007-04-01,1990-10-26,2007-05-10,2007-05-10,,licence_revoked,aml,,"Вестник: liq_table,order",номер приказа об отзыве
606,"КБ ""Гагаринский"" (АО)",1998-01-01,2015-06-01,1990-10-26,2015-07-03,2015-07-03,,licence_revoked,aml,,Вестник: order,номер приказа об отзыве
608,"АБ ""АСПЕКТ"" (АО)",1998-01-01,2019-04-01,1990-10-26,2019-04-12,2019-04-12,,licence_revoked,aml,,Вестник: press | причина по сообщению Банка России об отзыве (поиск 05.10.2026),номер приказа об отзыве
614,КАРСУНСКИЙ,1998-01-01,2000-12-01,1990-10-26,1998-08-06,,,licence_ended_kind_unknown,ended_kind_unknown,,справочник BNKSEEK: дата окончания лицензии,"вид прекращения: отзыв, аннулирование, присоединение или иное; дата и документ"
620,МАДЖАЛИССКИЙ,2001-07-01,2004-12-01,1990-10-29,1994-04-25,1994-04-25,02-56,licence_revoked,revoked_reason_unknown,,Вестник: liq_table,"причина отзыва: номер и дата приказа, основания (текст приказа или выпуск «Вестника Банка России»)"
622,"ООО КБ ""АкадемРусБанк""",1998-01-01,2015-01-01,1990-10-29,2015-01-29,2015-01-29,,licence_revoked,economic,,Вестник: order,номер приказа об отзыве
625,Банк - Т (ОАО),1998-01-01,2014-11-01,1990-10-30,2014-11-26,2014-11-26,,licence_revoked,economic,,Вестник: order,номер приказа об отзыве
626,ЮЛДУЗ,2001-05-01,2002-08-01,1990-10-30,1997-09-26,1997-09-26,,licence_revoked,revoked_reason_unknown,,Вестник: liq_table,"причина отзыва: номер и дата приказа, основания (текст приказа или выпуск «Вестника Банка России»); номер приказа об отзыве"
627,КЮРИНСКИЙ,2003-10-01,2006-01-01,1990-10-30,1996-06-11,1996-06-11,02-200,licence_revoked,revoked_reason_unknown,,Вестник: liq_table,"причина отзыва: номер и дата приказа, основания (текст приказа или выпуск «Вестника Банка России»)"
634,ПВ-Банк (ЗАО),1998-01-01,2012-04-01,1990-10-30,2012-04-13,2012-04-13,,licence_revoked,economic,,справочник/реестр ЦБ,номер приказа об отзыве
635,"""ПартнерКапиталБанк"" (АО)",1998-01-01,2018-02-01,1990-10-30,2018-02-02,2018-02-02,,licence_revoked,aml,,Вестник: order,номер приказа об отзыве
636,ТРАКТОРОБАНК,1998-06-01,2000-07-01,1990-10-30,1996-09-04,,,licence_ended_kind_unknown,ended_kind_unknown,,справочник BNKSEEK: дата окончания лицензии,"вид прекращения: отзыв, аннулирование, присоединение или иное; дата и документ"
637,"КБ ""ИНВЕСТИЦИОННЫЙ СОЮЗ"" (ООО)",1998-01-01,2015-06-01,1990-10-30,2015-06-19,2015-06-19,,licence_revoked,aml,,Вестник: order,номер приказа об отзыве
638,ХУЧНИ,2001-06-01,2005-08-01,1990-10-30,1994-05-16,1994-05-16,02-67,licence_revoked,revoked_reason_unknown,,Вестник: liq_table,"причина отзыва: номер и дата приказа, основания (текст приказа или выпуск «Вестника Банка России»)"
639,"ООО КБ ""Каспий""",1998-01-01,2014-04-01,1990-10-30,2014-04-17,2014-04-17,,licence_revoked,aml,,"Вестник: liq_table,order",номер приказа об отзыве
640,ТЕРРА-БАНК,1998-01-01,2000-11-01,1990-10-30,1995-11-03,,,licence_ended_kind_unknown,ended_kind_unknown,,справочник BNKSEEK: дата окончания лицензии,"вид прекращения: отзыв, аннулирование, присоединение или иное; дата и документ"
643,КОЧУБЕЙ,2001-06-01,2006-01-01,1990-10-30,1996-08-13,1996-08-13,02-291,licence_revoked,revoked_reason_unknown,,Вестник: liq_table,"причина отзыва: номер и дата приказа, основания (текст приказа или выпуск «Вестника Банка России»)"
644,"ЗАО БАНК ""ПОМОРСКИЙ""",1998-01-01,2002-07-01,1990-10-30,1998-12-22,,,licence_ended_kind_unknown,ended_kind_unknown,,справочник BNKSEEK: дата окончания лицензии,"вид прекращения: отзыв, аннулирование, присоединение или иное; дата и документ"
652,"ООО ""Комбанк ""Первомайский""",1998-01-01,2009-08-01,1990-10-31,2009-09-23,2009-09-23,,licence_revoked,economic,,"Вестник: liq_table,order",номер приказа об отзыве
653,"ОАО ГБ ""Симбирск""",1998-01-01,2014-11-01,1990-10-31,2014-11-11,2014-11-11,,licence_revoked,other,,Вестник: order,номер приказа об отзыве
654,"АО ""Банк Воронеж""",1998-01-01,2018-06-01,1990-10-31,2018-06-15,2018-06-15,,licence_revoked,other,,справочник/реестр ЦБ | причина по сообщению Банка России об отзыве (поиск 05.10.2026),номер приказа об отзыве
655,Таурус Банк (АО),1998-01-01,2015-04-01,1990-10-31,2015-04-24,2015-04-24,,licence_revoked,other,,Вестник: order,номер приказа об отзыве
658,"ОАО ""Межрегфинкомбанк""",1998-01-01,2009-06-01,1990-11-01,2009-07-09,2009-07-10,,licence_revoked,aml,,"Вестник: liq_table,order",номер приказа об отзыве
660,"ОАО ""ПКБ ""Тулабанк""",1998-01-01,2003-05-01,1990-10-31,1998-12-21,1998-12-21,,licence_revoked,revoked_reason_unknown,,Вестник: liq_table,"причина отзыва: номер и дата приказа, основания (текст приказа или выпуск «Вестника Банка России»); номер приказа об отзыве"
661,СОЦБАНК,1998-06-01,2004-09-01,1990-10-31,1997-03-28,1997-03-28,,licence_revoked,revoked_reason_unknown,,Вестник: liq_table,"причина отзыва: номер и дата приказа, основания (текст приказа или выпуск «Вестника Банка России»); номер приказа об отзыве"
667,"ООО ""Урайкомбанк""",1998-06-01,2009-01-01,1990-10-31,2009-02-09,2009-02-10,,licence_revoked,economic,,"Вестник: liq_table,order",номер приказа об отзыве
669,НАНС,1998-06-01,2004-03-01,1990-10-31,1998-06-10,1998-06-10,,licence_revoked,revoked_reason_unknown,,Вестник: liq_table,"причина отзыва: номер и дата приказа, основания (текст приказа или выпуск «Вестника Банка России»); номер приказа об отзыве"
670,КРАСНОГВАРДЕЙСКИЙ,1998-01-01,1999-05-01,,1999-06-18,,,licence_ended_kind_unknown,ended_kind_unknown,,справочник BNKSEEK: дата окончания лицензии,"вид прекращения: отзыв, аннулирование, присоединение или иное; дата и документ; дата регистрации (начала лицензии)"
671,"ООО ""БАНК ФИНИНВЕСТ""",1998-01-01,2014-07-01,1990-10-31,2014-07-07,2014-07-07,,licence_revoked,false_only,,Вестник: order,номер приказа об отзыве
676,"""ВКАБ""",1999-09-01,2005-05-01,1990-11-01,1997-04-24,1997-04-24,02-198,licence_revoked,revoked_reason_unknown,,Вестник: liq_table,"причина отзыва: номер и дата приказа, основания (текст приказа или выпуск «Вестника Банка России»)"
678,ВОЛОКОНОВСКИЙ,1998-01-01,2001-12-01,1990-10-31,1998-02-26,,,licence_ended_kind_unknown,ended_kind_unknown,,справочник BNKSEEK: дата окончания лицензии,"вид прекращения: отзыв, аннулирование, присоединение или иное; дата и документ"
680,"ООО КБ ""Аксонбанк""",1998-01-01,2018-09-01,1990-11-01,2018-09-17,2018-09-17,,licence_revoked,other,,Вестник: order,номер приказа об отзыве
684,"ООО КБ ""Сургутский Центральный""",1998-06-01,2015-02-01,1990-11-01,2015-02-11,2015-02-11,,licence_revoked,economic,,"Вестник: liq_table,order",номер приказа об отзыве
688,БЕЛКА,1998-01-01,2003-02-01,1990-11-02,1997-03-04,1997-03-04,,licence_revoked,revoked_reason_unknown,,Вестник: liq_table,"причина отзыва: номер и дата приказа, основания (текст приказа или выпуск «Вестника Банка России»); номер приказа об отзыве"
689,"ОАО ""МАРКЕТИНГБАНК""",1998-01-01,2006-01-01,1990-11-02,2006-02-15,2006-02-15,,licence_revoked,other,,"Вестник: liq_table,order",номер приказа об отзыве
696,"ПАО АКБ ""Акцент""",1998-01-01,2018-05-01,1990-11-02,2018-05-18,,,licence_ended_kind_unknown,ended_kind_unknown,,справочник BNKSEEK: дата окончания лицензии,"вид прекращения: отзыв, аннулирование, присоединение или иное; дата и документ"
698,"ОАО ""Уралпромстройбанк""",1998-01-01,2005-03-01,1990-11-02,2005-02-22,,,merged,merged,,Вестник: regn,"правопреемник: рег. номер банка, к которому присоединён"
703,ТОМЬ,1998-01-01,2000-10-01,1990-11-02,1998-08-14,,,licence_ended_kind_unknown,ended_kind_unknown,,справочник BNKSEEK: дата окончания лицензии,"вид прекращения: отзыв, аннулирование, присоединение или иное; дата и документ"
709,"ОАО Банк ""Пурпе""",1998-06-01,2014-10-01,1990-11-02,2014-10-16,2014-10-16,,licence_revoked,aml,,Вестник: order,номер приказа об отзыве
715,"КБ ""НАФТАБАНК"" ООО",1998-01-01,2013-11-01,1990-11-05,2013-11-28,2013-11-28,,licence_revoked,other,,Вестник: order,номер приказа об отзыве
716,КОНТРАКТ,1998-06-01,1999-11-01,1990-11-05,1995-06-16,,,licence_ended_kind_unknown,ended_kind_unknown,,справочник BNKSEEK: дата окончания лицензии,"вид прекращения: отзыв, аннулирование, присоединение или иное; дата и документ"
720,"ПАО ""Выборг-банк""",1998-01-01,2016-09-01,1990-11-06,2016-09-07,2016-09-07,,licence_revoked,other,,Вестник: order,номер приказа об отзыве
721,КАМЧАТСОЦБАНК,1998-01-01,2000-08-01,1990-11-06,1996-05-12,,,licence_ended_kind_unknown,ended_kind_unknown,,справочник BNKSEEK: дата окончания лицензии,"вид прекращения: отзыв, аннулирование, присоединение или иное; дата и документ"
724,ИНТЕРБАНК,1998-01-01,2002-05-01,1990-11-11,1999-02-15,,,licence_ended_kind_unknown,ended_kind_unknown,,справочник BNKSEEK: дата окончания лицензии,"вид прекращения: отзыв, аннулирование, присоединение или иное; дата и документ"
727,ОРЕНБУРГЛАДАБАНК,1998-01-01,1998-02-01,1990-11-11,1997-02-21,,,licence_ended_kind_unknown,ended_kind_unknown,,справочник BNKSEEK: дата окончания лицензии,"вид прекращения: отзыв, аннулирование, присоединение или иное; дата и документ"
728,"ООО ""ТАТАГРОПРОМБАНК""",1998-06-01,2017-04-01,1990-11-11,2017-04-05,2017-04-05,,licence_revoked,economic,,Вестник: order,номер приказа об отзыве
729,"ОАО ""Банк ""Петровский""",1998-01-01,2010-09-01,1990-11-12,2010-09-27,,,licence_ended_kind_unknown,ended_kind_unknown,,справочник BNKSEEK: дата окончания лицензии,"вид прекращения: отзыв, аннулирование, присоединение или иное; дата и документ"
731,РУССКО-БАЛТИЙСКИЙ БАНК,1998-06-01,2000-09-01,1990-11-12,1996-09-23,,,licence_ended_kind_unknown,ended_kind_unknown,,справочник BNKSEEK: дата окончания лицензии,"вид прекращения: отзыв, аннулирование, присоединение или иное; дата и документ"
732,"АО КБ ""Ассоциация""",1998-01-01,2019-07-01,1990-11-12,2019-07-29,2019-07-29,,licence_revoked,economic,,"Вестник: order,press",номер приказа об отзыве
733,АСТРОН,1998-01-01,2000-09-01,1990-11-12,1998-03-18,,,licence_ended_kind_unknown,ended_kind_unknown,,справочник BNKSEEK: дата окончания лицензии,"вид прекращения: отзыв, аннулирование, присоединение или иное; дата и документ"
734,"ООО КБ ""Антарес""",1998-01-01,2007-03-01,1990-11-12,2007-04-05,2007-04-06,,licence_revoked,aml,,"Вестник: liq_table,order",номер приказа об отзыве
736,ЭНЕРГОИНВЕСТБАНК,1998-01-01,2000-03-01,1990-11-12,2000-04-07,,,licence_ended_kind_unknown,ended_kind_unknown,,справочник BNKSEEK: дата окончания лицензии,"вид прекращения: отзыв, аннулирование, присоединение или иное; дата и документ"
740,"ООО КБ ""БЛАГОВЕСТ""",1998-01-01,2007-06-01,1990-11-13,2007-09-26,2007-09-26,,licence_revoked,aml,,"Вестник: liq_table,order",номер приказа об отзыве
741,"ОАО ""Мордовсоцбанк""",1998-01-01,2007-05-01,1990-11-13,2007-06-05,2007-06-06,,licence_revoked,aml,,"Вестник: liq_table,order",номер приказа об отзыве
745,УСТЮГБАНК,1998-06-01,2000-01-01,1990-11-13,2000-01-24,,,licence_ended_kind_unknown,ended_kind_unknown,,справочник BNKSEEK: дата окончания лицензии,"вид прекращения: отзыв, аннулирование, присоединение или иное; дата и документ"
749,"Кизилюртовская РНКО ""Сулак"" ООО",1998-01-01,2013-03-01,1990-11-13,2013-03-01,2013-03-01,,licence_revoked,aml,,Вестник: liq_table,номер приказа об отзыве
750,"""ФКБ"" (ООО)",1998-06-01,2006-01-01,1990-11-13,2007-05-10,2007-05-10,,licence_revoked,aml,,"Вестник: liq_table,order",номер приказа об отзыве
752,"ПАО КБ ""МПСБ""",1998-01-01,2019-07-01,1990-11-13,2019-07-08,,,merged,merged,,Вестник: asv,"правопреемник: рег. номер банка, к которому присоединён"
758,"ООО банк ""Белинский""",1998-06-01,2003-03-01,1990-11-13,1998-11-05,1998-11-05,,licence_revoked,revoked_reason_unknown,,Вестник: liq_table,"причина отзыва: номер и дата приказа, основания (текст приказа или выпуск «Вестника Банка России»); номер приказа об отзыве"
763,"Комбанк ""МУРМАН""",1998-06-01,2002-10-01,1990-11-14,1998-09-28,,,licence_ended_kind_unknown,ended_kind_unknown,,справочник BNKSEEK: дата окончания лицензии,"вид прекращения: отзыв, аннулирование, присоединение или иное; дата и документ"
764,ОКА-БАНК,1998-01-01,1999-12-01,1990-11-14,1998-02-19,,,licence_ended_kind_unknown,ended_kind_unknown,,справочник BNKSEEK: дата окончания лицензии,"вид прекращения: отзыв, аннулирование, присоединение или иное; дата и документ"
766,"АКБ ""Северо-Западный 1 Альянс Банк"" АО",1998-06-01,2017-02-01,1990-11-14,2017-02-16,2017-02-16,,licence_revoked,economic,,Вестник: order,номер приказа об отзыве
770,МЕДПРОМБАНК,1998-01-01,1998-02-01,1990-11-14,1997-04-14,,,licence_ended_kind_unknown,ended_kind_unknown,,справочник BNKSEEK: дата окончания лицензии,"вид прекращения: отзыв, аннулирование, присоединение или иное; дата и документ"
776,"ОАО КБ ""Каури""",1998-01-01,2009-01-01,1990-11-14,2009-02-09,2009-02-09,,licence_revoked,economic,,"Вестник: liq_table,order",номер приказа об отзыве
781,ДНОВСКИЙ,1998-01-01,1999-07-01,,1998-03-11,,,licence_ended_kind_unknown,ended_kind_unknown,,справочник BNKSEEK: дата окончания лицензии,"вид прекращения: отзыв, аннулирование, присоединение или иное; дата и документ; дата регистрации (начала лицензии)"
784,"АКБ ""Проинвестбанк"" (АО)",1998-01-01,2021-04-01,1990-11-14,2021-04-23,2021-04-23,,licence_revoked,other,,"Вестник: order,press",номер приказа об отзыве
790,"ПАО ""Геленджик-Банк""",1998-01-01,2015-07-01,1990-11-14,2015-07-17,2015-07-17,,licence_revoked,other,,Вестник: order,номер приказа об отзыве
791,КАРАТА,2001-06-01,2006-01-01,1990-11-14,1994-06-02,1994-06-02,02-79,licence_revoked,revoked_reason_unknown,,Вестник: liq_table,"причина отзыва: номер и дата приказа, основания (текст приказа или выпуск «Вестника Банка России»)"
793,"ООО КБ ""КРЕДО ФИНАНС""",1998-01-01,2016-07-01,1990-11-14,2016-07-28,2016-07-28,,licence_revoked,aml,,Вестник: order,номер приказа об отзыве
795,"ООО КБ ""Арчекас""",1998-01-01,2006-03-01,1990-11-14,2006-03-29,2006-03-29,,licence_revoked,aml,,"Вестник: liq_table,order",номер приказа об отзыве
810,ТИБАНК,1998-01-01,2002-05-01,1990-11-15,1998-10-14,,,licence_ended_kind_unknown,ended_kind_unknown,,справочник BNKSEEK: дата окончания лицензии,"вид прекращения: отзыв, аннулирование, присоединение или иное; дата и документ"
812,"ПАО ""Уралтрансбанк""",1998-01-01,2018-10-01,1990-11-15,2018-10-25,2018-10-25,,licence_revoked,economic,,Вестник: order,номер приказа об отзыве
813,ЯЛУТОРОВСКИЙ,1998-06-01,2001-03-01,1990-11-15,2001-03-23,,,licence_ended_kind_unknown,ended_kind_unknown,,справочник BNKSEEK: дата окончания лицензии,"вид прекращения: отзыв, аннулирование, присоединение или иное; дата и документ"
820,ОЛИМП,1998-01-01,2001-06-01,1990-11-14,1995-12-08,,,licence_ended_kind_unknown,ended_kind_unknown,,справочник BNKSEEK: дата окончания лицензии,"вид прекращения: отзыв, аннулирование, присоединение или иное; дата и документ"
826,"ООО ""КБ ""Тальменка-банк""",1998-06-01,2017-01-01,1990-11-16,2017-01-23,2017-01-23,,licence_revoked,economic,,Вестник: order,номер приказа об отзыве
828,"ОАО ""ЯРСОЦБАНК""",1998-01-01,2010-10-01,1990-11-16,2010-10-19,,,licence_ended_kind_unknown,ended_kind_unknown,,справочник BNKSEEK: дата окончания лицензии,"вид прекращения: отзыв, аннулирование, присоединение или иное; дата и документ"
830,"ОАО ""Нефтестройкомбанк""",1998-01-01,2006-01-01,1990-11-20,1998-03-05,1998-03-05,ОД-102,licence_revoked,revoked_reason_unknown,,Вестник: liq_table,"причина отзыва: номер и дата приказа, основания (текст приказа или выпуск «Вестника Банка России»)"
836,"АО БАНК ""РКБ""",1998-01-01,2016-09-01,1990-11-20,2016-09-19,2016-09-19,,licence_revoked,aml,,Вестник: order,номер приказа об отзыве
840,"ПАО АКБ ""Новация""",1998-01-01,2017-01-01,1990-11-20,2017-01-23,2017-01-23,,licence_revoked,other,,Вестник: order,номер приказа об отзыве
844,"ОАО ""Комбанк ""Прикамье""",1998-01-01,2008-12-01,1990-11-20,2009-01-19,2009-01-19,,licence_revoked,economic,,"Вестник: liq_table,order",номер приказа об отзыве
846,ЧЕРЛАК,1998-01-01,1999-09-01,,1997-08-22,,,licence_ended_kind_unknown,ended_kind_unknown,,справочник BNKSEEK: дата окончания лицензии,"вид прекращения: отзыв, аннулирование, присоединение или иное; дата и документ; дата регистрации (начала лицензии)"
851,ВИЛЮЙ,1998-01-01,2004-02-01,1990-11-21,1998-04-08,1998-04-08,,licence_revoked,revoked_reason_unknown,,Вестник: liq_table,"причина отзыва: номер и дата приказа, основания (текст приказа или выпуск «Вестника Банка России»); номер приказа об отзыве"
854,"АБ ""Алданзолотобанк"" АО",1998-01-01,2015-07-01,1990-11-21,2015-07-10,2015-07-10,,licence_revoked,aml,,Вестник: order,номер приказа об отзыве
860,"КБ ""Канский"" ООО",1998-01-01,2017-12-01,1990-11-21,2017-12-13,2017-12-13,,licence_revoked,economic,,Вестник: order,номер приказа об отзыве
865,"НКО ""Ассигнация"" ООО",1998-01-01,2014-02-01,1990-11-21,2014-02-24,2014-02-24,,licence_revoked,aml,,"Вестник: liq_table,order",номер приказа об отзыве
870,"ООО ""Владпромбанк""",1998-01-01,2017-04-01,1990-11-21,2017-04-28,2017-04-28,,licence_revoked,aml,,Вестник: order,номер приказа об отзыве
871,ОРСКСЕЛЬХОЗБАНК,1998-01-01,2001-06-01,1990-11-20,1998-09-11,,,licence_ended_kind_unknown,ended_kind_unknown,,справочник BNKSEEK: дата окончания лицензии,"вид прекращения: отзыв, аннулирование, присоединение или иное; дата и документ"
872,КУРГАНСОЦБАНК,1998-01-01,2002-02-01,1990-11-22,1999-05-18,,,licence_ended_kind_unknown,ended_kind_unknown,,справочник BNKSEEK: дата окончания лицензии,"вид прекращения: отзыв, аннулирование, присоединение или иное; дата и документ"
874,"Банк ""Прохладный"" ООО",1998-01-01,2020-10-01,1990-11-22,2020-10-09,2020-10-09,,licence_revoked,other,,"Вестник: order,press",номер приказа об отзыве
877,"Банк ""Мотовилихинский""",1998-01-01,2002-11-01,1990-11-22,1998-09-11,,,licence_ended_kind_unknown,ended_kind_unknown,,справочник BNKSEEK: дата окончания лицензии,"вид прекращения: отзыв, аннулирование, присоединение или иное; дата и документ"
880,"ПАО БАНК ""ЮГРА""",1998-06-01,2017-07-01,1990-11-22,2017-07-28,2017-07-28,,licence_revoked,economic,,Вестник: order,номер приказа об отзыве
883,ВЫТЕГОРСКИЙ,1998-06-01,2000-01-01,1990-11-22,2000-01-24,,,licence_ended_kind_unknown,ended_kind_unknown,,справочник BNKSEEK: дата окончания лицензии,"вид прекращения: отзыв, аннулирование, присоединение или иное; дата и документ"
887,"АКБ ""Прикумье"" (ОАО)",1998-01-01,2005-06-01,1990-11-22,2004-04-27,2004-04-27,ОД-260,licence_revoked,revoked_reason_unknown,,Вестник: liq_table,"причина отзыва: номер и дата приказа, основания (текст приказа или выпуск «Вестника Банка России»)"
888,"ООО КБ ""Минераловодский""",1998-01-01,2010-01-01,1990-11-22,2010-02-10,2010-02-10,,licence_revoked,economic,,Вестник: liq_table,номер приказа об отзыве
889,"""АНКОР БАНК"" (АО)",1998-06-01,2017-03-01,1990-11-22,2017-03-03,2017-03-03,,licence_revoked,economic,,Вестник: order,номер приказа об отзыве
899,"ООО ""ИПФ Банк""",1998-06-01,2009-06-01,1990-11-22,2009-06-24,2009-06-24,,licence_annulled,other,,"Вестник: liq_table | лицензия аннулирована по решению самого банка, добровольная ликвидация (приказ Банка России, поиск 05.10.2026)",номер приказа об отзыве
900,КРАСБАНК,1998-01-01,1999-06-01,1990-11-22,1998-04-22,,,licence_ended_kind_unknown,ended_kind_unknown,,справочник BNKSEEK: дата окончания лицензии,"вид прекращения: отзыв, аннулирование, присоединение или иное; дата и документ"
904,ГУРЬЕВСКИЙ,1998-06-01,2001-12-01,1990-11-22,1997-10-30,,,licence_ended_kind_unknown,ended_kind_unknown,,справочник BNKSEEK: дата окончания лицензии,"вид прекращения: отзыв, аннулирование, присоединение или иное; дата и документ"
905,ГВАРДЕЙСКБАНК,1998-06-01,2000-07-01,1990-11-22,1996-07-22,,,licence_ended_kind_unknown,ended_kind_unknown,,справочник BNKSEEK: дата окончания лицензии,"вид прекращения: отзыв, аннулирование, присоединение или иное; дата и документ"
907,ЗЕМЛАНД,1998-06-01,1999-06-01,,1997-04-14,,,licence_ended_kind_unknown,ended_kind_unknown,,справочник BNKSEEK: дата окончания лицензии,"вид прекращения: отзыв, аннулирование, присоединение или иное; дата и документ; дата регистрации (начала лицензии)"
908,НЕСТЕРОВСКИЙ,1998-06-01,2002-12-01,1990-11-22,1997-10-30,,,licence_ended_kind_unknown,ended_kind_unknown,,справочник BNKSEEK: дата окончания лицензии,"вид прекращения: отзыв, аннулирование, присоединение или иное; дата и документ"
911,АПЕКС,2000-01-01,2001-06-01,1990-11-22,1997-07-31,,,licence_ended_kind_unknown,ended_kind_unknown,,справочник BNKSEEK: дата окончания лицензии,"вид прекращения: отзыв, аннулирование, присоединение или иное; дата и документ"
914,"КБ ""КБЦ"" /ООО/",1998-01-01,2013-10-01,1990-11-22,2013-10-14,2013-10-14,,licence_revoked,aml,,Вестник: liq_table,номер приказа об отзыве
917,"ЗАО ""ТЮМЕНЬАГРОПРОМБАНК""",1998-06-01,2014-12-01,1990-11-23,2014-12-19,2014-12-19,,licence_revoked,economic,,Вестник: order,номер приказа об отзыве
918,"ПАО ""Запсибкомбанк""",1998-06-01,2022-01-01,1990-11-23,2022-01-01,,,licence_ended_kind_unknown,ended_kind_unknown,,справочник BNKSEEK: дата окончания лицензии,"вид прекращения: отзыв, аннулирование, присоединение или иное; дата и документ"
922,"ОАО ""Востоккредитбанк""",1998-01-01,2010-11-01,1990-11-23,2010-11-23,,,licence_ended_kind_unknown,ended_kind_unknown,,справочник BNKSEEK: дата окончания лицензии,"вид прекращения: отзыв, аннулирование, присоединение или иное; дата и документ"
923,ПОЯРКОВО,1998-01-01,2000-08-01,1990-11-23,1998-07-30,,,licence_ended_kind_unknown,ended_kind_unknown,,справочник BNKSEEK: дата окончания лицензии,"вид прекращения: отзыв, аннулирование, присоединение или иное; дата и документ"
926,"ОАО ГБ ""Нижний Новгород""",1998-01-01,2010-05-01,1990-11-23,2010-05-05,,,licence_ended_kind_unknown,ended_kind_unknown,,справочник BNKSEEK: дата окончания лицензии,"вид прекращения: отзыв, аннулирование, присоединение или иное; дата и документ"
927,"АКБ ""Акция"" ОАО",1998-01-01,2016-03-01,1990-11-23,2016-03-03,2016-03-03,,licence_revoked,other,,Вестник: order,номер приказа об отзыве
929,САХАТРАНСБАНК,1998-01-01,2002-04-01,1990-11-23,1998-09-28,,,licence_ended_kind_unknown,ended_kind_unknown,,справочник BNKSEEK: дата окончания лицензии,"вид прекращения: отзыв, аннулирование, присоединение или иное; дата и документ"
930,"АО ""Новый Промышленный Банк""",1998-06-01,2018-08-01,1990-11-23,2018-08-03,2018-08-03,,licence_revoked,aml,,Вестник: order,номер приказа об отзыве
931,"АО ""НВКбанк""",1998-01-01,2020-01-01,1990-11-23,2020-01-24,2020-01-24,,licence_revoked,other,,"Вестник: order,press",номер приказа об отзыве
934,ЧЕРЕПОВЕЦКОМБАНК,1998-06-01,2002-02-01,1990-11-23,1998-05-27,,,licence_ended_kind_unknown,ended_kind_unknown,,справочник BNKSEEK: дата окончания лицензии,"вид прекращения: отзыв, аннулирование, присоединение или иное; дата и документ"
936,ЛЕНА,1998-01-01,1999-08-01,,1999-08-24,,,licence_ended_kind_unknown,ended_kind_unknown,,справочник BNKSEEK: дата окончания лицензии,"вид прекращения: отзыв, аннулирование, присоединение или иное; дата и документ; дата регистрации (начала лицензии)"
937,"АО ""ОРБАНК""",1998-01-01,2021-10-01,1990-11-23,2021-10-08,2021-10-08,,licence_revoked,aml,,"Вестник: order,press",номер приказа об отзыве
939,"КБ ""СТАКБАНК""",1998-01-01,2004-08-01,1990-11-23,1999-02-05,1999-02-05,,licence_revoked,other,,Вестник: liq_table,номер приказа об отзыве
943,"АКБ ""Алекскомбанк"" ЗАО",1998-01-01,2007-07-01,1990-11-23,2007-07-25,2007-07-25,,licence_revoked,aml,,"Вестник: liq_table,order",номер приказа об отзыве
944,УНЦУКУЛЬСКИЙ,2001-05-01,2002-08-01,1990-11-23,1997-07-04,1997-07-04,,licence_revoked,revoked_reason_unknown,,Вестник: liq_table,"причина отзыва: номер и дата приказа, основания (текст приказа или выпуск «Вестника Банка России»); номер приказа об отзыве"
948,"ЗАО ""М БАНК""",1998-01-01,2015-07-01,1990-11-23,2015-07-24,2015-07-24,,licence_revoked,other,,Вестник: order,номер приказа об отзыве
953,ГУМБЕТ,2001-05-01,2006-01-01,1990-11-26,1997-12-25,1997-12-25,02-544,licence_revoked,revoked_reason_unknown,,Вестник: liq_table,"причина отзыва: номер и дата приказа, основания (текст приказа или выпуск «Вестника Банка России»)"
956,ВУРНАРСКИЙ,1998-01-01,2002-05-01,1990-11-26,1998-02-05,,,licence_ended_kind_unknown,ended_kind_unknown,,справочник BNKSEEK: дата окончания лицензии,"вид прекращения: отзыв, аннулирование, присоединение или иное; дата и документ"
958,ТОМСКСОЦБАНК,1998-01-01,2000-05-01,1990-11-26,1998-02-05,,,licence_ended_kind_unknown,ended_kind_unknown,,справочник BNKSEEK: дата окончания лицензии,"вид прекращения: отзыв, аннулирование, присоединение или иное; дата и документ"
964,ВНЕШЭКОНОМБАНК,2000-01-01,2022-02-01,,,,,alive_2022,,,,дата регистрации (начала лицензии)
967,"ПАО АКБ ""Балтика""",1998-06-01,2015-11-01,1990-11-27,2015-11-24,2015-11-24,,licence_revoked,other,,Вестник: order,номер приказа об отзыве
969,"АО ""Евразийский банк""",1998-01-01,2021-06-01,1990-11-27,2021-06-25,,,licence_ended_kind_unknown,ended_kind_unknown,,справочник BNKSEEK: дата окончания лицензии,"вид прекращения: отзыв, аннулирование, присоединение или иное; дата и документ"
970,"ООО КБ ""Конфидэнс Банк""",1998-01-01,2018-04-01,1990-11-27,2018-04-13,2018-04-13,,licence_revoked,aml,,Вестник: order,номер приказа об отзыве
971,"ООО ""Делна банк""",1998-01-01,2006-02-01,1990-11-27,2006-02-26,2006-02-26,,licence_revoked,aml,,"Вестник: liq_table,order",номер приказа об отзыве
974,МУРОМЕЦ,1998-01-01,2004-03-01,1990-11-27,1998-07-30,1998-07-30,,licence_revoked,revoked_reason_unknown,,Вестник: liq_table,"причина отзыва: номер и дата приказа, основания (текст приказа или выпуск «Вестника Банка России»); номер приказа об отзыве"
979,ТАТТОРГБАНК,1998-06-01,2003-03-01,1990-11-27,1996-05-12,1996-05-12,,licence_revoked,revoked_reason_unknown,,Вестник: liq_table,"причина отзыва: номер и дата приказа, основания (текст приказа или выпуск «Вестника Банка России»); номер приказа об отзыве"
982,АГРАРНИК,2003-10-01,2006-01-01,1990-11-28,1994-06-02,1994-06-02,02-78,licence_revoked,revoked_reason_unknown,,Вестник: liq_table,"причина отзыва: номер и дата приказа, основания (текст приказа или выпуск «Вестника Банка России»)"
985,НЯНДОМАБАНК,1998-01-01,1999-09-01,,1999-09-28,,,licence_ended_kind_unknown,ended_kind_unknown,,справочник BNKSEEK: дата окончания лицензии,"вид прекращения: отзыв, аннулирование, присоединение или иное; дата и документ; дата регистрации (начала лицензии)"
991,"ОАО ""АФ Банк""",1998-01-01,2014-04-01,1990-11-28,2014-04-17,2014-04-17,,licence_revoked,economic,,Вестник: order,номер приказа об отзыве
992,"АО ""Вологдабанк""",1998-06-01,2016-12-01,1990-11-28,2016-12-19,2016-12-19,,licence_revoked,economic,,Вестник: order,номер приказа об отзыве
993,КОЛОСС,1998-01-01,2003-07-01,1990-11-28,1998-10-14,1998-10-14,,licence_revoked,revoked_reason_unknown,,Вестник: liq_table,"причина отзыва: номер и дата приказа, основания (текст приказа или выпуск «Вестника Банка России»); номер приказа об отзыве"
999,Мосбизнесбанк,1998-01-01,2003-07-01,1990-12-12,1999-07-02,1999-07-02,,licence_revoked,economic,,Вестник: liq_table,номер приказа об отзыве
1002,"АО Комсоцбанк ""Бумеранг""",1998-06-01,2015-05-01,1990-11-28,2015-05-20,2015-05-20,,licence_revoked,economic,,Вестник: order,номер приказа об отзыве
1003,"ООО ""ЛЕНОБЛБАНК""",1998-01-01,2015-10-01,1990-11-28,2015-10-16,2015-10-16,,licence_revoked,economic,,Вестник: order,номер приказа об отзыве
1007,"АКБ ""Кузбасспромбанк""",1998-01-01,2002-06-01,1990-11-28,2000-10-18,,,licence_ended_kind_unknown,ended_kind_unknown,,справочник BNKSEEK: дата окончания лицензии,"вид прекращения: отзыв, аннулирование, присоединение или иное; дата и документ"
1011,БИРОБИДЖАНКРЕДИТПРОМБАНК,1998-06-01,2000-10-01,1990-11-28,1998-09-03,,,licence_ended_kind_unknown,ended_kind_unknown,,справочник BNKSEEK: дата окончания лицензии,"вид прекращения: отзыв, аннулирование, присоединение или иное; дата и документ"
1025,"ООО КБ ""Эл банк""",1998-01-01,2016-05-01,1990-11-29,2016-05-05,2016-05-05,,licence_revoked,economic,,Вестник: order,номер приказа об отзыве
1035,"ОАО ККБ ""КРЕДИТБАНК""",1998-01-01,2014-10-01,1990-11-29,2014-10-16,2014-10-16,,licence_revoked,aml,,Вестник: order,номер приказа об отзыве
1037,"ООО РНКО ""Майма""",1998-01-01,2016-04-01,1990-11-29,2016-04-08,2016-04-08,,licence_revoked,aml,,"Вестник: liq_table,order",номер приказа об отзыве
1041,"КБ ""НЕМАН"" (ООО)",1998-06-01,2006-01-01,1990-11-29,2006-09-04,2006-09-05,,licence_revoked,aml,,"Вестник: liq_table,order",номер приказа об отзыве
1043,"ЗАО ""Промсбербанк""",1998-06-01,2015-03-01,1990-11-30,2015-04-02,2015-04-02,,licence_revoked,economic,,Вестник: order,номер приказа об отзыве
1050,"ООО ""Осколбанк""",1998-01-01,2019-11-01,1990-12-03,2019-11-29,2019-11-29,,licence_revoked,aml,,"Вестник: order,press",номер приказа об отзыве
1053,"КБ ""Финансовый стандарт"" (ООО)",1998-01-01,2016-06-01,1990-12-03,2016-06-08,2016-06-08,,licence_revoked,economic,,Вестник: order,номер приказа об отзыве
1056,"ЗАО АКБ ""Лео-Банк""",1998-01-01,2007-03-01,1990-12-03,2007-05-17,2007-05-17,,licence_revoked,aml,,"Вестник: liq_table,order",номер приказа об отзыве
1059,"КБ ""МРБ"" (ООО)""",1998-01-01,2015-11-01,1990-12-03,2015-11-10,2015-11-10,,licence_revoked,economic,,Вестник: order,номер приказа об отзыве
1060,"КБ ""БДБ"" (ООО)",1998-01-01,2015-08-01,1990-12-03,2015-08-27,2015-08-27,,licence_revoked,aml,,Вестник: order,номер приказа об отзыве
1061,"АКБ ""Сибирский банк""",1998-01-01,2004-06-01,1990-12-04,1999-02-05,1999-02-05,,licence_revoked,economic,,Вестник: liq_table,номер приказа об отзыве
1062,АЛАТЫРСКИЙ,1998-01-01,2000-03-01,1990-12-04,1998-12-21,,,licence_ended_kind_unknown,ended_kind_unknown,,справочник BNKSEEK: дата окончания лицензии,"вид прекращения: отзыв, аннулирование, присоединение или иное; дата и документ"
1063,"КБ ""Хандыгабанк"" ООО",1998-01-01,2004-11-01,1990-12-05,1999-06-30,1999-06-30,ОД-225,licence_revoked,revoked_reason_unknown,,Вестник: liq_table,"причина отзыва: номер и дата приказа, основания (текст приказа или выпуск «Вестника Банка России»)"
1065,"АКБ ""Традо-Банк"" (ЗАО)",1998-06-01,2010-11-01,1990-12-05,2010-12-03,2010-12-03,,licence_revoked,economic,,Вестник: liq_table,номер приказа об отзыве
1068,"ПАО ""Невский банк""",1998-01-01,2019-12-01,1990-12-05,2019-12-13,2019-12-13,,licence_revoked,economic,,"Вестник: order,press",номер приказа об отзыве
1069,ТОРЖОКСКИЙ АГРОБАНК,1998-01-01,1999-07-01,,1998-01-22,,,licence_ended_kind_unknown,ended_kind_unknown,,справочник BNKSEEK: дата окончания лицензии,"вид прекращения: отзыв, аннулирование, присоединение или иное; дата и документ; дата регистрации (начала лицензии)"
1071,"КБ ""Спутник"" (ПАО)",1998-01-01,2021-11-01,1990-12-05,2021-11-01,2021-11-01,,licence_revoked,economic,,"Вестник: order,press",номер приказа об отзыве
1073,БАНК РСБ 24 (АО),1998-01-01,2015-11-01,1990-12-05,2015-11-10,2015-11-10,,licence_revoked,aml,,Вестник: order,номер приказа об отзыве
1075,ПЕТРОВСК-ЗАБАЙКАЛЬСКИЙ,1998-01-01,2003-11-01,1990-12-05,1998-10-07,1998-10-07,,licence_revoked,revoked_reason_unknown,,Вестник: liq_table,"причина отзыва: номер и дата приказа, основания (текст приказа или выпуск «Вестника Банка России»); номер приказа об отзыве"
1076,"ОАО ""Колыма-банк""",1998-01-01,2010-05-01,1990-12-05,2010-05-07,,,licence_ended_kind_unknown,ended_kind_unknown,,справочник BNKSEEK: дата окончания лицензии,"вид прекращения: отзыв, аннулирование, присоединение или иное; дата и документ"
1087,"АО Банк ""ККБ""",1998-01-01,2022-02-01,1990-12-05,2022-02-11,2022-02-11,,alive_2022,,,"Вестник: order,press",номер приказа об отзыве
1089,СКОМБАНК,1998-06-01,2002-01-01,1990-12-05,1997-10-17,,,licence_ended_kind_unknown,ended_kind_unknown,,справочник BNKSEEK: дата окончания лицензии,"вид прекращения: отзыв, аннулирование, присоединение или иное; дата и документ"
1090,ОЛОВЯНИНСКИЙ,1998-01-01,2002-05-01,1990-12-05,1998-10-07,1998-10-07,,licence_revoked,revoked_reason_unknown,,Вестник: liq_table,"причина отзыва: номер и дата приказа, основания (текст приказа или выпуск «Вестника Банка России»); номер приказа об отзыве"
1093,"ПАО Банк ""ВВБ""",1998-01-01,2018-04-01,1990-12-05,2018-04-09,2018-04-09,,licence_revoked,economic,,Вестник: order,номер приказа об отзыве
1094,ОКТЯБРЬ,1998-01-01,2002-10-01,1990-12-05,1998-04-08,,,licence_ended_kind_unknown,ended_kind_unknown,,справочник BNKSEEK: дата окончания лицензии,"вид прекращения: отзыв, аннулирование, присоединение или иное; дата и документ"
1097,САНГАРСКИЙ,1998-01-01,2000-09-01,1990-12-05,1998-03-18,,,licence_ended_kind_unknown,ended_kind_unknown,,справочник BNKSEEK: дата окончания лицензии,"вид прекращения: отзыв, аннулирование, присоединение или иное; дата и документ"
1100,ЭЛКОМ-БАНК,1998-01-01,2001-04-01,1990-12-05,1999-05-18,,,licence_ended_kind_unknown,ended_kind_unknown,,справочник BNKSEEK: дата окончания лицензии,"вид прекращения: отзыв, аннулирование, присоединение или иное; дата и документ"
1104,"КБ ""Сунтар""",1998-01-01,2004-05-01,1990-12-05,1998-03-11,1998-03-11,,licence_revoked,revoked_reason_unknown,,Вестник: liq_table,"причина отзыва: номер и дата приказа, основания (текст приказа или выпуск «Вестника Банка России»); номер приказа об отзыве"
1105,"АО ""Вэлтон Банк""",1998-01-01,2018-03-01,1990-12-07,2018-03-15,,,licence_ended_kind_unknown,ended_kind_unknown,,справочник BNKSEEK: дата окончания лицензии,"вид прекращения: отзыв, аннулирование, присоединение или иное; дата и документ"
1109,"""Иркомсоцбанк""",1998-01-01,2003-12-01,1990-12-07,1998-09-24,1998-09-24,,licence_revoked,revoked_reason_unknown,,Вестник: liq_table,"причина отзыва: номер и дата приказа, основания (текст приказа или выпуск «Вестника Банка России»); номер приказа об отзыве"
1113,"ОАО КБ ""Дзержинский""",1998-01-01,2007-08-01,1990-12-07,2007-08-09,,,licence_ended_kind_unknown,ended_kind_unknown,,справочник BNKSEEK: дата окончания лицензии,"вид прекращения: отзыв, аннулирование, присоединение или иное; дата и документ"
1117,КРЕСТЬЯНСКИЙ ЗЕМЕЛЬНЫЙ БАНК,2000-04-01,2000-09-01,1990-12-07,1998-05-06,,,licence_ended_kind_unknown,ended_kind_unknown,,справочник BNKSEEK: дата окончания лицензии,"вид прекращения: отзыв, аннулирование, присоединение или иное; дата и документ"
1118,"ПАО ""О.К. Банк""",1998-01-01,2018-05-01,1990-12-07,2018-05-25,2018-05-25,,licence_revoked,other,,справочник/реестр ЦБ | причина по сообщению Банка России об отзыве (поиск 05.10.2026),номер приказа об отзыве
1119,РОСТОВ ВЕЛИКИЙ,1998-01-01,2000-07-01,1990-12-07,1996-12-14,,,licence_ended_kind_unknown,ended_kind_unknown,,справочник BNKSEEK: дата окончания лицензии,"вид прекращения: отзыв, аннулирование, присоединение или иное; дата и документ"
1121,"Банк ""Смолевич"" (ПАО)",1998-01-01,2015-09-01,1990-12-07,2015-09-08,2015-09-08,,licence_revoked,economic,,Вестник: order,номер приказа об отзыве
1122,УРОЖАЙ,1998-06-01,2003-04-01,1990-12-07,1996-05-23,1996-05-23,,licence_revoked,revoked_reason_unknown,,Вестник: liq_table,"причина отзыва: номер и дата приказа, основания (текст приказа или выпуск «Вестника Банка России»); номер приказа об отзыве"
1123,НЕЯ,1998-01-01,2000-09-01,1990-12-07,1998-04-22,,,licence_ended_kind_unknown,ended_kind_unknown,,справочник BNKSEEK: дата окончания лицензии,"вид прекращения: отзыв, аннулирование, присоединение или иное; дата и документ"
1124,"АКБ ""ЭМБАКЕНИГБАНК"" (ЗАО)",1998-06-01,2002-11-01,1990-12-07,1998-02-05,,,licence_ended_kind_unknown,ended_kind_unknown,,справочник BNKSEEK: дата окончания лицензии,"вид прекращения: отзыв, аннулирование, присоединение или иное; дата и документ"
1125,"ОАО ""Гранкомбанк""",1998-01-01,2008-04-01,1990-12-07,2008-04-15,,,licence_ended_kind_unknown,ended_kind_unknown,,справочник BNKSEEK: дата окончания лицензии,"вид прекращения: отзыв, аннулирование, присоединение или иное; дата и документ"
1127,УСТЬ-КОКСА,1998-06-01,2001-10-01,1990-12-07,1998-09-11,,,licence_ended_kind_unknown,ended_kind_unknown,,справочник BNKSEEK: дата окончания лицензии,"вид прекращения: отзыв, аннулирование, присоединение или иное; дата и документ"
1135,ОТРАДНОЕ,2002-02-01,2005-04-01,1990-12-10,1997-10-24,1997-10-24,02-466,licence_revoked,revoked_reason_unknown,,Вестник: liq_table,"причина отзыва: номер и дата приказа, основания (текст приказа или выпуск «Вестника Банка России»)"
1136,"АО ""МАЙКОПБАНК""",1998-01-01,2021-04-01,1990-12-10,2021-04-02,2021-04-02,,licence_revoked,other,,"Вестник: order,press",номер приказа об отзыве
1137,"""БУМ-БАНК"", ООО",1998-01-01,2018-06-01,1990-12-10,2018-06-01,2018-06-01,,licence_revoked,aml,,справочник/реестр ЦБ,номер приказа об отзыве
1139,"АКБ ""Русский Трастовый Банк"" (АО)",1998-01-01,2016-08-01,1990-12-10,2016-08-16,2016-08-16,,licence_revoked,economic,,Вестник: order,номер приказа об отзыве
1141,"ЗАО КБ ""Приволжское ОВК""",1998-01-01,2007-07-01,1990-12-10,2007-08-15,2007-08-15,,licence_revoked,aml,,Вестник: liq_table,номер приказа об отзыве
1149,АТЯШЕВСКИЙ,1998-01-01,2002-01-01,1990-12-11,1998-09-03,,,licence_ended_kind_unknown,ended_kind_unknown,,справочник BNKSEEK: дата окончания лицензии,"вид прекращения: отзыв, аннулирование, присоединение или иное; дата и документ"
1153,"ОАО ""ВКБ""",1998-06-01,2014-12-01,1990-12-11,2014-12-30,2014-12-30,,licence_revoked,economic,,Вестник: order,номер приказа об отзыве
1155,"АКБ ""ОрИнд-Банк""",1998-01-01,1998-02-01,1990-12-11,1997-07-24,1997-07-24,02-327,licence_revoked,revoked_reason_unknown,,Вестник: liq_table,"причина отзыва: номер и дата приказа, основания (текст приказа или выпуск «Вестника Банка России»)"
1160,СУДИСЛАВЛЬКОМБАНК,1998-01-01,2000-12-01,1990-12-12,1998-04-22,,,licence_ended_kind_unknown,ended_kind_unknown,,справочник BNKSEEK: дата окончания лицензии,"вид прекращения: отзыв, аннулирование, присоединение или иное; дата и документ"
1162,"АКБ ""Брянсккредитбанк""",1998-01-01,2003-02-01,1990-12-12,1998-08-14,1998-08-14,,licence_revoked,revoked_reason_unknown,,Вестник: liq_table,"причина отзыва: номер и дата приказа, основания (текст приказа или выпуск «Вестника Банка России»); номер приказа об отзыве"
1163,"ООО ""Инкотрансбанк""",1998-01-01,2002-02-01,1990-12-12,1999-02-26,,,licence_ended_kind_unknown,ended_kind_unknown,,справочник BNKSEEK: дата окончания лицензии,"вид прекращения: отзыв, аннулирование, присоединение или иное; дата и документ"
1164,ИБЭС,1998-06-01,2003-05-01,1990-12-12,1998-12-04,1998-12-04,,licence_revoked,revoked_reason_unknown,,Вестник: liq_table,"причина отзыва: номер и дата приказа, основания (текст приказа или выпуск «Вестника Банка России»); номер приказа об отзыве"
1165,"АО ""Кредпромбанк""",1998-01-01,2019-11-01,1990-12-12,2019-11-22,2019-11-22,,licence_revoked,aml,,Вестник: order,номер приказа об отзыве
1166,"ПАО НКБ ""РАДИОТЕХБАНК""",1998-01-01,2019-01-01,1990-12-12,2019-01-30,2019-01-30,,licence_revoked,aml,,справочник/реестр ЦБ | причина по сообщению Банка России об отзыве (поиск 05.10.2026),номер приказа об отзыве
1167,ВОЛГА,1998-12-01,2000-07-01,1990-12-12,1996-05-24,,,licence_ended_kind_unknown,ended_kind_unknown,,справочник BNKSEEK: дата окончания лицензии,"вид прекращения: отзыв, аннулирование, присоединение или иное; дата и документ"
1170,"""РФО Банк"" ООО""",1998-01-01,2006-01-01,1990-12-13,2006-05-10,2006-05-10,,licence_revoked,false_only,,"Вестник: liq_table,order",номер приказа об отзыве
1176,ОКТЯБРЬСКИЙ,1998-01-01,2002-02-01,1990-12-13,1998-08-26,,,licence_ended_kind_unknown,ended_kind_unknown,,справочник BNKSEEK: дата окончания лицензии,"вид прекращения: отзыв, аннулирование, присоединение или иное; дата и документ"
1180,УРАЛКИБ,1998-01-01,1998-02-01,,1998-03-18,,,licence_ended_kind_unknown,ended_kind_unknown,,справочник BNKSEEK: дата окончания лицензии,"вид прекращения: отзыв, аннулирование, присоединение или иное; дата и документ; дата регистрации (начала лицензии)"
1182,ЯРСТРОЙБАНК,1998-01-01,1998-02-01,,1996-05-12,,,licence_ended_kind_unknown,ended_kind_unknown,,справочник BNKSEEK: дата окончания лицензии,"вид прекращения: отзыв, аннулирование, присоединение или иное; дата и документ; дата регистрации (начала лицензии)"
1184,"АО ""ГринКомБанк""",1998-01-01,2019-09-01,1990-12-14,2019-09-12,2019-09-12,,licence_revoked,economic,,"Вестник: order,press",номер приказа об отзыве
1188,ШАХУНСКИЙ КОММЕРЧЕСКИЙ БАНК,1998-01-01,2000-07-01,1990-12-14,1998-06-10,,,licence_ended_kind_unknown,ended_kind_unknown,,справочник BNKSEEK: дата окончания лицензии,"вид прекращения: отзыв, аннулирование, присоединение или иное; дата и документ"
1190,МОСКОВСКИЙ ИПОТЕЧНОГО КРЕДИТА,2003-12-01,2004-11-01,1990-12-14,1993-07-08,1993-07-08,02-115,licence_revoked,revoked_reason_unknown,,Вестник: liq_table,"причина отзыва: номер и дата приказа, основания (текст приказа или выпуск «Вестника Банка России»)"
1194,"ОАО ""КАМЧАТПРОМБАНК""",1998-01-01,2010-05-01,1990-12-14,2010-05-07,,,merged,merged,,Вестник: name,"правопреемник: рег. номер банка, к которому присоединён"
1196,КОСТРОМАБАНК,1998-01-01,2001-12-01,1990-12-14,1998-04-22,,,licence_ended_kind_unknown,ended_kind_unknown,,справочник BNKSEEK: дата окончания лицензии,"вид прекращения: отзыв, аннулирование, присоединение или иное; дата и документ"
1197,"ООО КБ ""Кредитинвест""",1998-01-01,2019-11-01,1990-12-14,2019-11-15,2019-11-15,,licence_revoked,aml,,"Вестник: order,press",номер приказа об отзыве
1198,"МКБ ""ВИТТА""",1998-01-01,2003-07-01,1990-12-14,1999-06-30,1999-06-30,,licence_revoked,economic,,Вестник: liq_table,номер приказа об отзыве
1199,АВИАСТАРБАНК,1998-01-01,2002-01-01,1990-12-14,1998-10-01,,,licence_ended_kind_unknown,ended_kind_unknown,,справочник BNKSEEK: дата окончания лицензии,"вид прекращения: отзыв, аннулирование, присоединение или иное; дата и документ"
1200,"ОАО ""МБС""",1998-01-01,2006-11-01,1990-12-21,2007-08-15,2007-08-15,,licence_revoked,aml,,"Вестник: liq_table,order",номер приказа об отзыве
1201,ЛЕСОЗАВОДСКБАНК,1998-01-01,2003-01-01,1990-12-14,1997-12-25,,,licence_ended_kind_unknown,ended_kind_unknown,,справочник BNKSEEK: дата окончания лицензии,"вид прекращения: отзыв, аннулирование, присоединение или иное; дата и документ"
1202,"ОАО НКО ""Тувакредит""",1998-01-01,2011-11-01,1990-12-14,2011-10-31,2011-10-31,,licence_revoked,aml,,Вестник: liq_table,номер приказа об отзыве
1203,"ОАО ""Международный торгово-промышленный банк""",1998-01-01,2011-04-01,1990-12-14,2011-05-04,,,licence_ended_kind_unknown,ended_kind_unknown,,справочник BNKSEEK: дата окончания лицензии,"вид прекращения: отзыв, аннулирование, присоединение или иное; дата и документ"
1206,ВОЛЬНО-НАДЕЖДИНСКИЙ,1998-01-01,2001-08-01,1990-12-17,1998-03-05,,,licence_ended_kind_unknown,ended_kind_unknown,,справочник BNKSEEK: дата окончания лицензии,"вид прекращения: отзыв, аннулирование, присоединение или иное; дата и документ"
1210,ИР,1998-01-01,1999-02-01,,1999-03-11,,,licence_ended_kind_unknown,ended_kind_unknown,,справочник BNKSEEK: дата окончания лицензии,"вид прекращения: отзыв, аннулирование, присоединение или иное; дата и документ; дата регистрации (начала лицензии)"
1213,АГРОПРОМЫШЛЕННЫЙ БАНК,1998-01-01,2000-10-01,1990-12-17,1998-01-15,,,licence_ended_kind_unknown,ended_kind_unknown,,справочник BNKSEEK: дата окончания лицензии,"вид прекращения: отзыв, аннулирование, присоединение или иное; дата и документ"
1214,"ОАО ""Русь-Банк-Урал""",1998-01-01,2010-01-01,1990-12-17,2010-01-20,,,licence_ended_kind_unknown,ended_kind_unknown,,справочник BNKSEEK: дата окончания лицензии,"вид прекращения: отзыв, аннулирование, присоединение или иное; дата и документ"
1215,ОНГУДАЙБАНК,1998-01-01,2005-03-01,1990-12-17,1998-05-14,1998-05-14,ОД-233,licence_revoked,revoked_reason_unknown,,Вестник: liq_table,"причина отзыва: номер и дата приказа, основания (текст приказа или выпуск «Вестника Банка России»)"
1218,АКБ Курганпромбанк (ОАО),1998-01-01,2008-11-01,1990-12-17,2008-11-26,2008-11-26,,licence_revoked,economic,,"Вестник: liq_table,order",номер приказа об отзыве
1220,Востсибкомбанк,1998-01-01,2004-04-01,1990-12-17,1999-03-10,1999-03-10,,licence_revoked,economic,,Вестник: liq_table,номер приказа об отзыве
1221,"""РИБ-СИБИРЬ"" ОАО",1998-01-01,2008-02-01,1990-12-18,2008-03-05,2008-03-05,,licence_revoked,revoked_reason_unknown,,Вестник: liq_table,"причина отзыва: номер и дата приказа, основания (текст приказа или выпуск «Вестника Банка России»); номер приказа об отзыве"
1222,ВЛБАНК (АО),1998-01-01,2015-01-01,1990-12-18,2015-01-29,2015-01-29,,licence_revoked,economic,,Вестник: order,номер приказа об отзыве
1223,ЗАЛАРИНСКИЙ,1998-01-01,2002-05-01,1990-12-18,1998-11-12,,,licence_ended_kind_unknown,ended_kind_unknown,,справочник BNKSEEK: дата окончания лицензии,"вид прекращения: отзыв, аннулирование, присоединение или иное; дата и документ"
1234,"ООО МКБ ""ДИСКОНТ""",1998-01-01,2006-06-01,1990-12-19,2006-08-31,2006-08-31,,licence_revoked,aml,,"Вестник: liq_table,order",номер приказа об отзыве
1236,АХТЫНСКИЙ,2001-07-01,2006-01-01,1990-12-19,1994-05-16,1994-05-16,02-66,licence_revoked,revoked_reason_unknown,,Вестник: liq_table,"причина отзыва: номер и дата приказа, основания (текст приказа или выпуск «Вестника Банка России»)"
1239,"НКО ""Зеленокумская"" АО",1998-01-01,2015-08-01,1990-12-20,2015-08-03,,,licence_ended_kind_unknown,ended_kind_unknown,,справочник BNKSEEK: дата окончания лицензии,"вид прекращения: отзыв, аннулирование, присоединение или иное; дата и документ"
1242,"ПАО ""Липецккомбанк""",1998-01-01,2019-11-01,1990-12-20,2019-11-15,,,licence_ended_kind_unknown,ended_kind_unknown,,справочник BNKSEEK: дата окончания лицензии,"вид прекращения: отзыв, аннулирование, присоединение или иное; дата и документ"
1244,"ООО КБ ""Первый депозитный""",1998-01-01,2014-09-01,1990-12-20,2014-09-22,2014-09-22,,licence_revoked,other,,Вестник: order,номер приказа об отзыве
1247,ВИЛКОМБАНК,1998-01-01,2004-09-01,1990-12-20,1998-04-01,1998-04-01,ОД-139,licence_revoked,revoked_reason_unknown,,Вестник: liq_table,"причина отзыва: номер и дата приказа, основания (текст приказа или выпуск «Вестника Банка России»)"
1249,"Банк ""Таатта"" АО",1998-01-01,2018-07-01,1990-12-20,2018-07-05,2018-07-05,,licence_revoked,economic,,справочник/реестр ЦБ | причина по сообщению Банка России об отзыве (поиск 05.10.2026),номер приказа об отзыве
1250,"ОАО ""ТСБ""",1998-01-01,2014-12-01,1990-12-20,2014-12-10,2014-12-10,,licence_revoked,aml,,"Вестник: liq_table,order",номер приказа об отзыве
1251,КАНАШСКИЙ,1998-01-01,2002-08-01,1990-12-20,1998-11-05,,,licence_ended_kind_unknown,ended_kind_unknown,,справочник BNKSEEK: дата окончания лицензии,"вид прекращения: отзыв, аннулирование, присоединение или иное; дата и документ"
1252,ПОКРОВСКИЙ,1998-01-01,2002-02-01,1990-12-20,1998-03-18,,,licence_ended_kind_unknown,ended_kind_unknown,,справочник BNKSEEK: дата окончания лицензии,"вид прекращения: отзыв, аннулирование, присоединение или иное; дата и документ"
1253,ТОММОТСКИЙ,1998-01-01,2003-12-01,1990-12-20,1998-01-22,1998-01-22,,licence_revoked,revoked_reason_unknown,,Вестник: liq_table,"причина отзыва: номер и дата приказа, основания (текст приказа или выпуск «Вестника Банка России»); номер приказа об отзыве"
1257,АГРОСЕРВИС,1998-01-01,1999-09-01,,1998-03-05,,,licence_ended_kind_unknown,ended_kind_unknown,,справочник BNKSEEK: дата окончания лицензии,"вид прекращения: отзыв, аннулирование, присоединение или иное; дата и документ; дата регистрации (начала лицензии)"
1261,ЧУРАПЧИНСКИЙ,1998-01-01,2005-02-01,1990-12-21,1998-09-03,1998-09-03,ОД-418,licence_revoked,revoked_reason_unknown,,Вестник: liq_table,"причина отзыва: номер и дата приказа, основания (текст приказа или выпуск «Вестника Банка России»)"
1265,ПСКОВАКОБАНК,1998-01-01,2004-07-01,1990-12-21,1996-05-12,1996-05-12,,licence_revoked,revoked_reason_unknown,,Вестник: liq_table,"причина отзыва: номер и дата приказа, основания (текст приказа или выпуск «Вестника Банка России»); номер приказа об отзыве"
1270,БОЛЬШЕРЕЧЕНСКИЙ,1998-01-01,2001-12-01,1990-12-24,1998-02-26,,,licence_ended_kind_unknown,ended_kind_unknown,,справочник BNKSEEK: дата окончания лицензии,"вид прекращения: отзыв, аннулирование, присоединение или иное; дата и документ"
1271,"ООО КИИБ ""СОЧИ""",1998-01-01,2008-10-01,1990-12-24,2008-11-19,2008-11-20,,licence_revoked,economic,,Вестник: order,номер приказа об отзыве
1272,"КБ ""Башпрогрессбанк""",1998-01-01,2003-03-01,1990-12-24,1997-07-10,1997-07-10,,licence_revoked,revoked_reason_unknown,,Вестник: liq_table,"причина отзыва: номер и дата приказа, основания (текст приказа или выпуск «Вестника Банка России»); номер приказа об отзыве"
1273,БЕЛЫЙ РОДНИК,1998-01-01,2000-09-01,1990-12-24,1998-05-14,,,licence_ended_kind_unknown,ended_kind_unknown,,справочник BNKSEEK: дата окончания лицензии,"вид прекращения: отзыв, аннулирование, присоединение или иное; дата и документ"
1277,"Банк ""Богородский"" (ООО)",1998-01-01,2016-03-01,1990-12-24,2016-03-24,2016-03-24,,licence_revoked,economic,,Вестник: order,номер приказа об отзыве
1278,АГРОСОДРУЖЕСТВО,2003-04-01,2006-01-01,1990-12-24,1997-03-28,1997-03-28,02-112,licence_revoked,revoked_reason_unknown,,Вестник: liq_table,"причина отзыва: номер и дата приказа, основания (текст приказа или выпуск «Вестника Банка России»)"
1280,"АКБ ""ЧУВАШКРЕДИТПРОМБАНК"" ПАО",1998-01-01,2019-11-01,1990-12-24,2019-11-07,2019-11-07,,licence_revoked,aml,,"Вестник: order,press",номер приказа об отзыве
1282,"ОАО Инвестбанк ""БЗЛ""",1998-01-01,2014-12-01,1990-12-24,2014-12-10,2014-12-10,,licence_revoked,economic,,Вестник: order,номер приказа об отзыве
1283,"АБ ""Липецккредит""",1998-01-01,2003-03-01,1990-12-25,1998-09-11,1998-09-11,,licence_revoked,revoked_reason_unknown,,Вестник: liq_table,"причина отзыва: номер и дата приказа, основания (текст приказа или выпуск «Вестника Банка России»); номер приказа об отзыве"
1284,Банк СБРР (ООО),1998-01-01,2018-02-01,1990-12-25,2018-02-06,2018-02-06,,licence_revoked,economic,,справочник/реестр ЦБ | причина по сообщению Банка России об отзыве (поиск 05.10.2026),номер приказа об отзыве
1293,"БАНК ""НЕЙВА"" ООО",1998-01-01,2021-04-01,1990-12-26,2021-04-16,2021-04-16,,licence_revoked,aml,,Вестник: press | причина по сообщению Банка России об отзыве (поиск 05.10.2026),номер приказа об отзыве
1300,"ООО ""УИК-БАНК""",1998-01-01,2011-11-01,1990-12-27,2011-10-31,2011-10-31,,licence_revoked,economic,,справочник/реестр ЦБ,номер приказа об отзыве
1302,ЦЕНТРКОМБАНК,1998-01-01,2005-06-01,1990-12-27,1998-07-15,1998-07-15,ОД-340,licence_revoked,revoked_reason_unknown,,Вестник: liq_table,"причина отзыва: номер и дата приказа, основания (текст приказа или выпуск «Вестника Банка России»)"
1303,ООО Борский комбанк,1998-01-01,2010-09-01,1990-12-27,2010-09-29,,,licence_ended_kind_unknown,ended_kind_unknown,,справочник BNKSEEK: дата окончания лицензии,"вид прекращения: отзыв, аннулирование, присоединение или иное; дата и документ"
1308,АКУШИНСКИЙ,2001-05-01,2006-01-01,1990-12-27,1997-03-12,1997-03-12,02-86,licence_revoked,revoked_reason_unknown,,Вестник: liq_table,"причина отзыва: номер и дата приказа, основания (текст приказа или выпуск «Вестника Банка России»)"
1309,"АО БАНК ""НБТ""",1998-01-01,2020-07-01,1990-12-28,2020-07-14,2020-07-14,,licence_revoked,other,,"Вестник: order,press",номер приказа об отзыве
1311,ПРОМИНВЕСТ-Т.О.О.,1998-01-01,2002-05-01,1990-12-28,1998-07-01,,,licence_ended_kind_unknown,ended_kind_unknown,,справочник BNKSEEK: дата окончания лицензии,"вид прекращения: отзыв, аннулирование, присоединение или иное; дата и документ"
1317,"АО ""Собинбанк""",1998-01-01,2020-10-01,1990-12-29,2020-10-28,,,licence_ended_kind_unknown,ended_kind_unknown,,справочник BNKSEEK: дата окончания лицензии,"вид прекращения: отзыв, аннулирование, присоединение или иное; дата и документ"
1320,"МАКБ ""МАРПРОМБАНК""",1999-01-01,2006-01-01,1990-12-29,1997-10-17,1997-10-17,02-452,licence_revoked,revoked_reason_unknown,,Вестник: liq_table,"причина отзыва: номер и дата приказа, основания (текст приказа или выпуск «Вестника Банка России»)"
1321,ПРЕОБРАЖЕНИЕ,2002-05-01,2003-07-01,1991-01-03,1997-03-12,1997-03-12,,licence_revoked,revoked_reason_unknown,,Вестник: liq_table,"причина отзыва: номер и дата приказа, основания (текст приказа или выпуск «Вестника Банка России»); номер приказа об отзыве"
1327,СТАТУС-КРЕДИТ-БАНК,2002-03-01,2003-04-01,1991-01-03,1994-01-04,1994-01-04,,licence_revoked,revoked_reason_unknown,,Вестник: liq_table,"причина отзыва: номер и дата приказа, основания (текст приказа или выпуск «Вестника Банка России»); номер приказа об отзыве"
1338,"ОАО ""Супербанк""",1998-01-01,2009-12-01,1991-01-11,2009-12-23,,,licence_ended_kind_unknown,ended_kind_unknown,,справочник BNKSEEK: дата окончания лицензии,"вид прекращения: отзыв, аннулирование, присоединение или иное; дата и документ"
1339,"ОАО ""Читапромстройбанк""",1998-01-01,2010-01-01,1991-01-11,2009-12-23,,,licence_ended_kind_unknown,ended_kind_unknown,,справочник BNKSEEK: дата окончания лицензии,"вид прекращения: отзыв, аннулирование, присоединение или иное; дата и документ"
1340,"ОАО ""НАШ БАНК""",1998-01-01,2011-02-01,1991-01-15,2011-02-16,2011-02-16,,licence_revoked,aml,,Вестник: liq_table,номер приказа об отзыве
1342,"ООО КБ ""ВББ""",1998-01-01,2011-04-01,1991-01-15,2011-04-13,2011-04-13,,licence_revoked,economic,,Вестник: liq_table,номер приказа об отзыве
1345,КРЕДИТАГРО,2004-12-01,2006-01-01,1991-01-15,1994-11-28,1994-11-28,02-167,licence_revoked,revoked_reason_unknown,,Вестник: liq_table,"причина отзыва: номер и дата приказа, основания (текст приказа или выпуск «Вестника Банка России»)"
1353,ФОНД,1998-01-01,2001-03-01,1991-01-24,1998-02-05,,,licence_ended_kind_unknown,ended_kind_unknown,,справочник BNKSEEK: дата окончания лицензии,"вид прекращения: отзыв, аннулирование, присоединение или иное; дата и документ"
1371,"АКБ ""Прогресспромбанк""",1998-01-01,2003-03-01,1991-02-07,1998-07-30,1998-07-30,,licence_revoked,revoked_reason_unknown,,Вестник: liq_table,"причина отзыва: номер и дата приказа, основания (текст приказа или выпуск «Вестника Банка России»); номер приказа об отзыве"
1373,ЗЕМЕЛЬНЫЙ БАНК,1998-01-01,2004-03-01,1991-02-12,1999-03-10,1999-03-10,,licence_revoked,economic,,Вестник: liq_table,номер приказа об отзыве
1378,"ОАО ""Тихоокеанский Внешторгбанк""",1998-01-01,2015-04-01,1991-02-20,2015-04-13,2015-04-13,,licence_revoked,economic,,Вестник: order,номер приказа об отзыве
1396,"УАКБ ""УНИКОМБАНК""",1998-01-01,2003-10-01,1990-12-04,1999-05-18,1999-05-18,,licence_revoked,economic,,Вестник: liq_table,номер приказа об отзыве
1397,ПЛАНЕТА-НАУКА-БАНК,1998-01-01,1999-03-01,,1994-06-23,,,licence_ended_kind_unknown,ended_kind_unknown,,справочник BNKSEEK: дата окончания лицензии,"вид прекращения: отзыв, аннулирование, присоединение или иное; дата и документ; дата регистрации (начала лицензии)"
1398,РОСКОМСНАББАНК (ПАО),1998-01-01,2019-03-01,1991-03-01,2019-03-07,2019-03-07,,licence_revoked,economic,,справочник/реестр ЦБ | причина по сообщению Банка России об отзыве (поиск 05.10.2026),номер приказа об отзыве
1405,"ПАО АРКБ ""Росбизнесбанк""",1998-01-01,2020-10-01,1991-03-11,2020-10-23,2020-10-23,,licence_revoked,aml,,"Вестник: order,press",номер приказа об отзыве
1407,НОРВИК БАНК (ОАО),1998-01-01,2011-11-01,1991-03-13,2011-11-17,,,licence_ended_kind_unknown,ended_kind_unknown,,справочник BNKSEEK: дата окончания лицензии,"вид прекращения: отзыв, аннулирование, присоединение или иное; дата и документ"
1408,ПЛАНЕТА-БАНК,2004-10-01,2006-01-01,1991-03-13,1993-06-16,1993-06-16,02-95,licence_revoked,revoked_reason_unknown,,Вестник: liq_table,"причина отзыва: номер и дата приказа, основания (текст приказа или выпуск «Вестника Банка России»)"
1412,СТОКБАНК,2001-05-01,2003-12-01,1991-03-15,1994-07-13,1994-07-13,,licence_revoked,revoked_reason_unknown,,Вестник: liq_table,"причина отзыва: номер и дата приказа, основания (текст приказа или выпуск «Вестника Банка России»); номер приказа об отзыве"
1413,СОЦСТРАХБАНК,1998-01-01,2005-02-01,1991-03-21,1998-09-11,1998-09-11,ОД-438,licence_revoked,revoked_reason_unknown,,Вестник: liq_table,"причина отзыва: номер и дата приказа, основания (текст приказа или выпуск «Вестника Банка России»)"
1414,ПАО М2М Прайвет Банк,1998-01-01,2016-12-01,1991-03-21,2016-12-09,2016-12-09,,licence_revoked,economic,,Вестник: order,номер приказа об отзыве
1418,"АКБ ""Мир""",1998-01-01,2004-08-01,1991-03-18,2001-04-16,2001-04-16,,licence_revoked,economic,,Вестник: liq_table,номер приказа об отзыве
1420,ФАВОРИТ,2000-05-01,2001-01-01,1991-03-21,1995-10-23,,,licence_ended_kind_unknown,ended_kind_unknown,,справочник BNKSEEK: дата окончания лицензии,"вид прекращения: отзыв, аннулирование, присоединение или иное; дата и документ"
1421,"ОАО ""ВИП-БАНК""",1998-01-01,2006-06-01,1991-03-21,2006-06-15,2006-06-15,,licence_revoked,aml,,"Вестник: liq_table,order",номер приказа об отзыве
1422,ОАО ФИБ,1998-01-01,2009-03-01,1991-03-22,2009-03-30,2009-03-30,,licence_revoked,economic,,"Вестник: liq_table,order",номер приказа об отзыве
1423,"ООО КБ ""Нефтяной""",1998-06-01,2006-04-01,1991-03-22,2006-05-03,2006-05-04,,licence_revoked,aml,,"Вестник: liq_table,order",номер приказа об отзыве
1424,ПРИРОДА,1998-01-01,1999-02-01,1991-03-22,1994-05-27,,,licence_ended_kind_unknown,ended_kind_unknown,,справочник BNKSEEK: дата окончания лицензии,"вид прекращения: отзыв, аннулирование, присоединение или иное; дата и документ"
1425,ЕВРОКОСМОС,2001-08-01,2005-08-01,1991-03-26,1996-11-18,1996-11-18,02-420,licence_revoked,revoked_reason_unknown,,Вестник: liq_table,"причина отзыва: номер и дата приказа, основания (текст приказа или выпуск «Вестника Банка России»)"
1428,"ООО ИКБ ""Судкомбанк""",1998-01-01,2009-02-01,1991-04-04,2009-02-18,2009-02-18,,licence_revoked,economic,,"Вестник: liq_table,order",номер приказа об отзыве
1434,ТЕЛЕБАНК,2001-03-01,2002-12-01,1991-04-08,1995-06-02,,,licence_ended_kind_unknown,ended_kind_unknown,,справочник BNKSEEK: дата окончания лицензии,"вид прекращения: отзыв, аннулирование, присоединение или иное; дата и документ"
1435,"УКБ ""ЭРАБАНК"" ОАО",1998-01-01,2007-01-01,1991-04-08,2007-10-25,2007-10-25,,licence_revoked,aml,,"Вестник: liq_table,order",номер приказа об отзыве
1436,"КБ ""БИ-СИ-ДИ-БАНК"" ООО",1998-06-01,2006-02-01,1991-04-10,2006-03-22,2006-03-22,,licence_revoked,other,,"Вестник: liq_table,order",номер приказа об отзыве
1439,"Банк ""Возрождение"" (ПАО)",1998-01-01,2021-06-01,1991-04-12,2021-06-15,,,licence_ended_kind_unknown,ended_kind_unknown,,справочник BNKSEEK: дата окончания лицензии,"вид прекращения: отзыв, аннулирование, присоединение или иное; дата и документ"
1440,БОНУС-БАНК,2003-05-01,2004-03-01,1991-04-17,1996-02-12,1996-02-12,,licence_revoked,revoked_reason_unknown,,Вестник: liq_table,"причина отзыва: номер и дата приказа, основания (текст приказа или выпуск «Вестника Банка России»); номер приказа об отзыве"
1441,"""УМ-Банк"" ООО",1998-01-01,2018-12-01,1991-04-17,2018-11-14,2018-11-14,,licence_revoked,economic,,справочник/реестр ЦБ | причина по сообщению Банка России об отзыве (поиск 05.10.2026),номер приказа об отзыве
1442,КОМИБАНК,1998-06-01,1999-06-01,,1996-07-09,,,licence_ended_kind_unknown,ended_kind_unknown,,справочник BNKSEEK: дата окончания лицензии,"вид прекращения: отзыв, аннулирование, присоединение или иное; дата и документ; дата регистрации (начала лицензии)"
1449,Промстройбанк России,1998-01-01,2004-03-01,1991-12-24,1999-07-02,1999-07-02,,licence_revoked,economic,,Вестник: liq_table,номер приказа об отзыве
1451,ПОДМОСКОВЬЕ,1998-06-01,2002-10-01,1991-04-22,1998-07-30,,,licence_ended_kind_unknown,ended_kind_unknown,,справочник BNKSEEK: дата окончания лицензии,"вид прекращения: отзыв, аннулирование, присоединение или иное; дата и документ"
1452,БАЙН,2000-05-01,2000-12-01,1991-04-22,1994-06-23,,,licence_ended_kind_unknown,ended_kind_unknown,,справочник BNKSEEK: дата окончания лицензии,"вид прекращения: отзыв, аннулирование, присоединение или иное; дата и документ"
1454,МЕРИДИАН,2001-11-01,2003-06-01,1991-04-25,1995-02-17,,,licence_ended_kind_unknown,ended_kind_unknown,,справочник BNKSEEK: дата окончания лицензии,"вид прекращения: отзыв, аннулирование, присоединение или иное; дата и документ"
1458,"""РУССКИЙ БАНК ДЕЛОВОГО СОТРУДНИЧЕСТВА"" ЗАО",1998-01-01,2006-01-01,1991-05-17,2013-08-12,2009-04-09,,merged,merged,1132,Вестник: regn; Вестник: order,номер приказа об отзыве
1459,"ООО КБ ""Агросоюз""",1998-01-01,2018-12-01,1991-05-17,2018-11-07,2018-11-07,,licence_revoked,aml,,справочник/реестр ЦБ | причина по сообщению Банка России об отзыве (поиск 05.10.2026),номер приказа об отзыве
1461,АКОБАНК-ВОЛГА,1998-06-01,2001-12-01,1991-05-24,1998-10-29,,,licence_ended_kind_unknown,ended_kind_unknown,,справочник BNKSEEK: дата окончания лицензии,"вид прекращения: отзыв, аннулирование, присоединение или иное; дата и документ"
1473,ЭЛЬДАГ,1999-05-01,2006-01-01,1991-05-24,1997-10-24,1997-10-24,02-465,licence_revoked,revoked_reason_unknown,,Вестник: liq_table,"причина отзыва: номер и дата приказа, основания (текст приказа или выпуск «Вестника Банка России»)"
1479,СЕВЕРНЫЙ ТОРГОВЫЙ БАНК,1998-06-01,1998-10-01,,1996-01-16,1996-01-16,,licence_revoked,revoked_reason_unknown,,Вестник: liq_table,"причина отзыва: номер и дата приказа, основания (текст приказа или выпуск «Вестника Банка России»); дата регистрации (начала лицензии); номер приказа об отзыве"
1514,"ОАО ""ИБРР-банк""",1998-01-01,2007-11-01,1991-06-24,2007-11-14,2007-11-14,,licence_revoked,aml,,"Вестник: liq_table,order",номер приказа об отзыве
1516,ФИНВЕСТБАНК,1998-01-01,2003-10-01,1991-06-26,2000-02-15,2000-02-15,,licence_revoked,economic,,Вестник: liq_table,номер приказа об отзыве
1518,УСИНСКБИЗНЕСБАНК,1998-06-01,2000-01-01,1991-07-05,1997-08-22,,,licence_ended_kind_unknown,ended_kind_unknown,,справочник BNKSEEK: дата окончания лицензии,"вид прекращения: отзыв, аннулирование, присоединение или иное; дата и документ"
1519,ВЕСНА,1998-01-01,1998-02-01,1991-07-05,1997-04-14,,,licence_ended_kind_unknown,ended_kind_unknown,,справочник BNKSEEK: дата окончания лицензии,"вид прекращения: отзыв, аннулирование, присоединение или иное; дата и документ"
1520,"ООО МКБ ""ДАИР""",1998-01-01,2004-05-01,1991-07-10,2002-09-19,2002-09-19,,licence_revoked,economic,,"Вестник: liq_table,order",номер приказа об отзыве
1521,"АКИБ ""ОБРАЗОВАНИЕ"" (АО)",1998-01-01,2017-03-01,1991-07-10,2017-04-21,2017-04-21,,licence_revoked,economic,,Вестник: order,номер приказа об отзыве
1536,ДЖАМАТ,1998-01-01,2008-04-01,1991-07-31,1995-09-07,,,licence_ended_kind_unknown,ended_kind_unknown,,справочник BNKSEEK: дата окончания лицензии,"вид прекращения: отзыв, аннулирование, присоединение или иное; дата и документ"
1537,ЦАРИЦЫН,2008-01-01,2008-04-01,,1996-06-11,,,licence_ended_kind_unknown,ended_kind_unknown,,справочник BNKSEEK: дата окончания лицензии,"вид прекращения: отзыв, аннулирование, присоединение или иное; дата и документ; дата регистрации (начала лицензии)"
1538,ВСЕРОССИЙСКИЙ БИРЖЕВОЙ БАНК,2008-01-01,2008-04-01,1991-08-09,1996-05-05,,,licence_ended_kind_unknown,ended_kind_unknown,,справочник BNKSEEK: дата окончания лицензии,"вид прекращения: отзыв, аннулирование, присоединение или иное; дата и документ"
1539,ЭПКОН-МОСКВА,2004-04-01,2008-04-01,1991-08-09,1997-04-08,1997-04-08,02-156,licence_revoked,revoked_reason_unknown,,Вестник: liq_table,"причина отзыва: номер и дата приказа, основания (текст приказа или выпуск «Вестника Банка России»)"
1540,КАЗБИЗНЕСБАНК,2008-01-01,2008-04-01,,1997-03-12,,,licence_ended_kind_unknown,ended_kind_unknown,,справочник BNKSEEK: дата окончания лицензии,"вид прекращения: отзыв, аннулирование, присоединение или иное; дата и документ; дата регистрации (начала лицензии)"
1547,АЛИСА,2008-01-01,2008-04-01,,1993-09-21,,,licence_ended_kind_unknown,ended_kind_unknown,,справочник BNKSEEK: дата окончания лицензии,"вид прекращения: отзыв, аннулирование, присоединение или иное; дата и документ; дата регистрации (начала лицензии)"
1548,ЮГОРСКИЙ АКЦИОНЕРНЫЙ БАНК,2008-01-01,2008-04-01,1991-08-16,1997-04-21,,,licence_ended_kind_unknown,ended_kind_unknown,,справочник BNKSEEK: дата окончания лицензии,"вид прекращения: отзыв, аннулирование, присоединение или иное; дата и документ"
1549,КООПЕРАТОР,2008-01-01,2008-01-01,,1996-06-11,,,licence_ended_kind_unknown,ended_kind_unknown,,справочник BNKSEEK: дата окончания лицензии,"вид прекращения: отзыв, аннулирование, присоединение или иное; дата и документ; дата регистрации (начала лицензии)"
1553,ЛЮБЛИНО,1998-01-01,2003-07-01,1991-09-03,1998-04-01,1998-04-01,,licence_revoked,revoked_reason_unknown,,Вестник: liq_table,"причина отзыва: номер и дата приказа, основания (текст приказа или выпуск «Вестника Банка России»); номер приказа об отзыве"
1555,"Банк ""Солидарность"" АО",1998-01-01,2017-12-01,1991-09-02,2017-12-15,2017-12-15,,licence_revoked,economic,,справочник/реестр ЦБ | причина по сообщению Банка России об отзыве (поиск 05.10.2026),номер приказа об отзыве
1556,БАШЭНЕРГОБАНК,1998-01-01,2001-06-01,1991-09-05,1998-10-29,,,licence_ended_kind_unknown,ended_kind_unknown,,справочник BNKSEEK: дата окончания лицензии,"вид прекращения: отзыв, аннулирование, присоединение или иное; дата и документ"
1567,"МКБ ""Бадр-Форте Банк"" (ЗАО)",1998-01-01,2006-11-01,1991-09-11,2006-12-04,2006-12-05,,licence_revoked,aml,,"Вестник: liq_table,order",номер приказа об отзыве
1569,"ООО КБ ""Красбанк""",1998-01-01,2008-05-01,1991-09-13,2008-05-21,2008-05-21,,licence_revoked,aml,,"Вестник: liq_table,order",номер приказа об отзыве
1572,ПОВОЛЖСКИЙ,1998-01-01,2000-04-01,1991-09-24,1995-11-02,,,licence_ended_kind_unknown,ended_kind_unknown,,справочник BNKSEEK: дата окончания лицензии,"вид прекращения: отзыв, аннулирование, присоединение или иное; дата и документ"
1575,АГРОПРОМБАНК,1998-06-01,2002-02-01,1991-10-01,1999-06-30,,,licence_ended_kind_unknown,ended_kind_unknown,,справочник BNKSEEK: дата окончания лицензии,"вид прекращения: отзыв, аннулирование, присоединение или иное; дата и документ"
1581,"АО ""Тимер Банк""",1998-06-01,2019-09-01,1991-10-03,,,,stopped_reporting_but_active,,,,что произошло с банком после последнего отчёта
1584,ММТБ,1998-01-01,2004-01-01,1991-10-10,2000-04-28,2000-04-28,,licence_revoked,economic,,Вестник: liq_table,номер приказа об отзыве
1586,"АО КБ ""ТЕТРАПОЛИС""",1998-01-01,2016-09-01,1991-10-03,2016-09-02,2016-09-02,,licence_revoked,aml,,"Вестник: liq_table,order",номер приказа об отзыве
1587,КАЛИНИНГРАДСКИЙ НАРОДНЫЙ БАНК,1998-06-01,1999-11-01,1991-10-10,1996-02-26,,,licence_ended_kind_unknown,ended_kind_unknown,,справочник BNKSEEK: дата окончания лицензии,"вид прекращения: отзыв, аннулирование, присоединение или иное; дата и документ"
1589,ТАЛОВАЯАГРОКОМБАНК,1998-01-01,1998-02-01,,1997-03-28,,,licence_ended_kind_unknown,ended_kind_unknown,,справочник BNKSEEK: дата окончания лицензии,"вид прекращения: отзыв, аннулирование, присоединение или иное; дата и документ; дата регистрации (начала лицензии)"
1598,"ОАО АКБ ""Лесбанк""",1998-01-01,2015-09-01,1991-10-25,2015-10-06,2015-10-06,,licence_revoked,other,,Вестник: order,номер приказа об отзыве
1599,ИНТЕРКАМАБАНК,1998-06-01,2000-05-01,1991-10-25,2000-06-05,,,licence_ended_kind_unknown,ended_kind_unknown,,справочник BNKSEEK: дата окончания лицензии,"вид прекращения: отзыв, аннулирование, присоединение или иное; дата и документ"
1602,ПРАГМА,2002-08-01,2004-01-01,1991-10-25,1994-11-28,1994-11-28,,licence_revoked,revoked_reason_unknown,,Вестник: liq_table,"причина отзыва: номер и дата приказа, основания (текст приказа или выпуск «Вестника Банка России»); номер приказа об отзыве"
1605,"АКБ ""Лефко-банк"" (ОАО)",1998-01-01,2008-10-01,1991-10-25,2008-11-13,2008-11-13,,licence_revoked,economic,,"Вестник: liq_table,order",номер приказа об отзыве
1608,"ОАО КБ ""РЕГИОНАЛЬНЫЙ КРЕДИТНЫЙ БАНК""",1998-06-01,2013-08-01,1991-10-25,2013-08-30,,,licence_ended_kind_unknown,ended_kind_unknown,,справочник BNKSEEK: дата окончания лицензии,"вид прекращения: отзыв, аннулирование, присоединение или иное; дата и документ"
1610,"КБ ""КРЕДИТ-КОНТАКТ"" (ООО)",1998-06-01,2007-11-01,1991-11-01,2007-11-26,2007-11-26,,licence_revoked,aml,,"Вестник: liq_table,order",номер приказа об отзыве
1612,РЕИНБАНК,2002-10-01,2004-01-01,1992-02-03,1995-11-03,1995-11-03,,licence_revoked,revoked_reason_unknown,,Вестник: liq_table,"причина отзыва: номер и дата приказа, основания (текст приказа или выпуск «Вестника Банка России»); номер приказа об отзыве"
1614,"АО ""Заубер Банк""",1998-01-01,2021-05-01,1992-01-22,2021-05-28,2021-05-28,,licence_revoked,aml,,"Вестник: order,press",номер приказа об отзыве
1615,МММ-БАНК,2002-11-01,2003-09-01,1991-11-05,1994-04-06,1994-04-06,,licence_revoked,revoked_reason_unknown,,Вестник: liq_table,"причина отзыва: номер и дата приказа, основания (текст приказа или выпуск «Вестника Банка России»); номер приказа об отзыве"
1617,"ООО КБ ""Донинвест""",1998-01-01,2014-10-01,1991-11-06,2014-10-09,2014-10-09,,licence_revoked,economic,,Вестник: order,номер приказа об отзыве
1618,"АО ""Интеррасчет"" РНКО",1998-01-01,2016-04-01,1991-11-04,2016-04-08,2016-04-08,,licence_annulled,other,,"Вестник: liq_table | лицензия аннулирована по решению самого банка, добровольная ликвидация (приказ Банка России, поиск 05.10.2026)",номер приказа об отзыве
1619,ИРГИЗИНВЕСТБАНК,1998-01-01,2001-01-01,1991-11-21,1998-08-26,,,licence_ended_kind_unknown,ended_kind_unknown,,справочник BNKSEEK: дата окончания лицензии,"вид прекращения: отзыв, аннулирование, присоединение или иное; дата и документ"
1620,"КБ ""ГИБ""",1998-06-01,2003-03-01,1991-11-19,1998-10-01,1998-10-01,,licence_revoked,revoked_reason_unknown,,Вестник: liq_table,"причина отзыва: номер и дата приказа, основания (текст приказа или выпуск «Вестника Банка России»); номер приказа об отзыве"
1622,ДЕЛОВОЙ,2001-06-01,2003-06-01,1991-11-14,1995-02-20,,,licence_ended_kind_unknown,ended_kind_unknown,,справочник BNKSEEK: дата окончания лицензии,"вид прекращения: отзыв, аннулирование, присоединение или иное; дата и документ"
1624,СИЯЖАР,1998-01-01,1999-02-01,,1999-02-16,,,merged,merged,752,Вестник: table,дата регистрации (начала лицензии)
1626,"ЗАО КБ ""УРАЛЛИГА""",1998-01-01,2013-11-01,1991-11-20,2013-11-20,2013-11-20,,licence_revoked,economic,,справочник/реестр ЦБ,номер приказа об отзыве
1635,"АО ""Тагилбанк""",1998-01-01,2018-07-01,1991-11-25,2018-07-20,2018-07-20,,licence_revoked,other,,Вестник: order,номер приказа об отзыве
1638,"АБ ""ТОРИБАНК""",1998-01-01,2002-12-01,1991-12-02,1999-08-30,,,licence_ended_kind_unknown,ended_kind_unknown,,справочник BNKSEEK: дата окончания лицензии,"вид прекращения: отзыв, аннулирование, присоединение или иное; дата и документ"
1639,"КБ ""Метрополь"" ООО",1998-01-01,2016-11-01,1991-12-02,2016-11-18,2016-11-18,,licence_revoked,other,,Вестник: order,номер приказа об отзыве
1640,"ОАО МКБ ""Замоскворецкий""",1998-01-01,2014-06-01,1991-12-02,2014-06-23,2014-06-23,,licence_revoked,economic,,Вестник: order,номер приказа об отзыве
1641,КУПЕЦ-БАНК,2000-12-01,2002-12-01,1991-12-03,1995-06-23,,,licence_ended_kind_unknown,ended_kind_unknown,,справочник BNKSEEK: дата окончания лицензии,"вид прекращения: отзыв, аннулирование, присоединение или иное; дата и документ"
1642,ИНТЕРБИЗНЕСБАНК,1998-01-01,2004-01-01,1991-12-04,1999-05-18,1999-05-18,,licence_revoked,revoked_reason_unknown,,Вестник: liq_table,"причина отзыва: номер и дата приказа, основания (текст приказа или выпуск «Вестника Банка России»); номер приказа об отзыве"
1643,"ООО ""БАНК ""НАРТ""",1998-01-01,2003-05-01,1991-12-04,1997-04-14,1997-04-14,,licence_revoked,revoked_reason_unknown,,Вестник: liq_table,"причина отзыва: номер и дата приказа, основания (текст приказа или выпуск «Вестника Банка России»); номер приказа об отзыве"
1657,"КБ ""ИНТЕРКОММЕРЦ"" (ООО)",1998-01-01,2016-02-01,1991-12-10,2016-02-08,2016-02-08,,licence_revoked,economic,,Вестник: order,номер приказа об отзыве
1661,"КБ ""Москва"" (ПАО)",1998-01-01,2018-12-01,1991-12-16,2018-11-14,,,licence_ended_kind_unknown,ended_kind_unknown,,справочник BNKSEEK: дата окончания лицензии,"вид прекращения: отзыв, аннулирование, присоединение или иное; дата и документ"
1663,"ПАО ""Банк Премьер Кредит""",1998-06-01,2017-07-01,1991-12-16,2017-07-01,2017-07-10,,licence_revoked,other,,Вестник: order,номер приказа об отзыве
1664,"ОАО ""Южно-Российский банк""",1998-01-01,2004-04-01,1991-12-17,1998-02-26,1998-02-26,,licence_revoked,revoked_reason_unknown,,Вестник: liq_table,"причина отзыва: номер и дата приказа, основания (текст приказа или выпуск «Вестника Банка России»); номер приказа об отзыве"
1665,ИНВЕСТОР,1998-01-01,2002-10-01,1991-12-17,1997-09-26,,,licence_ended_kind_unknown,ended_kind_unknown,,справочник BNKSEEK: дата окончания лицензии,"вид прекращения: отзыв, аннулирование, присоединение или иное; дата и документ"
1666,УЛАГАНБАНК,1998-01-01,2002-10-01,1992-01-10,1998-04-15,,,licence_ended_kind_unknown,ended_kind_unknown,,справочник BNKSEEK: дата окончания лицензии,"вид прекращения: отзыв, аннулирование, присоединение или иное; дата и документ"
1668,"МАБЭС ""Сахалин-Вест"" ОАО",1998-01-01,2008-07-01,1991-12-16,2008-08-06,2008-08-06,,licence_revoked,economic,,"Вестник: liq_table,order",номер приказа об отзыве
1671,"ООО КБ ""Нэклис-Банк""",1998-06-01,2020-01-01,1991-12-18,2020-01-10,2020-01-10,,licence_revoked,economic,,Вестник: press | причина по сообщению Банка России об отзыве (поиск 05.10.2026),номер приказа об отзыве
1673,"ООО ""Банк ""Майский""",1998-01-01,2020-10-01,1991-12-18,2020-10-09,2020-10-09,,licence_revoked,aml,,"Вестник: order,press",номер приказа об отзыве
1674,БЭСТ,1999-08-01,2001-12-01,1991-12-19,1996-06-11,,,licence_ended_kind_unknown,ended_kind_unknown,,справочник BNKSEEK: дата окончания лицензии,"вид прекращения: отзыв, аннулирование, присоединение или иное; дата и документ"
1675,"АКБ ""Радиан"" (ОАО)",1998-01-01,2014-06-01,1991-12-20,2014-06-02,2014-06-02,,licence_revoked,aml,,"Вестник: liq_table,order",номер приказа об отзыве
1677,"АБ ""БПФ"" (ЗАО)",1998-01-01,2013-12-01,1991-12-24,2013-12-13,2013-12-13,,licence_revoked,economic,,Вестник: order,номер приказа об отзыве
1678,"ООО ""Акцептбанк""",1998-06-01,2004-02-01,1991-12-24,1999-07-29,1999-07-29,,licence_revoked,economic,,Вестник: liq_table,номер приказа об отзыве
1679,"ООО КБ ""ДОРИС БАНК""",1998-06-01,2015-10-01,1991-12-25,2015-10-23,2015-10-23,,licence_revoked,economic,,Вестник: order,номер приказа об отзыве
1683,КАМИНБАНК,1998-06-01,2001-08-01,1991-12-27,1998-01-15,,,licence_ended_kind_unknown,ended_kind_unknown,,справочник BNKSEEK: дата окончания лицензии,"вид прекращения: отзыв, аннулирование, присоединение или иное; дата и документ"
1684,"ЗАО ""БВА Банк""",1998-01-01,2014-11-01,1991-12-26,2014-11-26,2014-11-26,,licence_revoked,other,,"Вестник: liq_table,order",номер приказа об отзыве
1686,ПОИСК,1998-01-01,2000-12-01,1991-12-16,1999-03-10,,,licence_ended_kind_unknown,ended_kind_unknown,,справочник BNKSEEK: дата окончания лицензии,"вид прекращения: отзыв, аннулирование, присоединение или иное; дата и документ"
1687,"КБ ""ХАСАВЮРТОВСКИЙ ООО""",1998-01-01,2007-03-01,1992-01-04,2007-03-28,2007-03-28,,licence_revoked,other,,Вестник: liq_table,номер приказа об отзыве
1694,"""АРХАНГЕЛЬСКПРОМСТРОЙБАНК""",1998-01-01,2002-04-01,1992-01-31,1998-04-29,,,licence_ended_kind_unknown,ended_kind_unknown,,справочник BNKSEEK: дата окончания лицензии,"вид прекращения: отзыв, аннулирование, присоединение или иное; дата и документ"
1695,ДЕЛОВАЯ МОРДОВИЯ,1998-01-01,2002-10-01,1992-02-04,1996-05-05,,,licence_ended_kind_unknown,ended_kind_unknown,,справочник BNKSEEK: дата окончания лицензии,"вид прекращения: отзыв, аннулирование, присоединение или иное; дата и документ"
1697,ОКЕАН БАНК (АО),1998-01-01,2016-04-01,1992-02-05,2016-04-13,2016-04-13,,licence_revoked,aml,,"Вестник: liq_table,order",номер приказа об отзыве
1699,"КБ ""Нива-банк""",1998-06-01,2002-12-01,1992-01-29,1999-02-26,,,licence_ended_kind_unknown,ended_kind_unknown,,справочник BNKSEEK: дата окончания лицензии,"вид прекращения: отзыв, аннулирование, присоединение или иное; дата и документ"
1704,"ООО КБ ""Взаимодействие""",1998-01-01,2019-06-01,1992-01-08,2019-06-06,2019-06-06,,licence_revoked,other,,"Вестник: order,press",номер приказа об отзыве
1705,Ростпромстройбанк (ОАО),1998-01-01,2010-09-01,1992-01-14,2010-09-22,,,licence_ended_kind_unknown,ended_kind_unknown,,справочник BNKSEEK: дата окончания лицензии,"вид прекращения: отзыв, аннулирование, присоединение или иное; дата и документ"
1710,ПЕРВЫЙ ПРИМОРСКИЙ КОММЕРЧЕСКИЙ БАНК,1998-01-01,2002-02-01,1991-12-29,1999-09-08,,,licence_ended_kind_unknown,ended_kind_unknown,,справочник BNKSEEK: дата окончания лицензии,"вид прекращения: отзыв, аннулирование, присоединение или иное; дата и документ"
1711,САМАРСКИЙ ГУБЕРНСКИЙ БАНК,1998-06-01,1999-07-01,,1996-05-23,,,licence_ended_kind_unknown,ended_kind_unknown,,справочник BNKSEEK: дата окончания лицензии,"вид прекращения: отзыв, аннулирование, присоединение или иное; дата и документ; дата регистрации (начала лицензии)"
1712,КАПИТАЛ,1998-01-01,2000-09-01,1991-12-29,1995-02-17,,,licence_ended_kind_unknown,ended_kind_unknown,,справочник BNKSEEK: дата окончания лицензии,"вид прекращения: отзыв, аннулирование, присоединение или иное; дата и документ"
1713,"ОАО ""АКБ Автогазбанк""",1998-01-01,2003-09-01,1992-01-21,2003-10-23,1992-01-21,,licence_revoked,revoked_reason_unknown,,Вестник: liq_table,"причина отзыва: номер и дата приказа, основания (текст приказа или выпуск «Вестника Банка России»); номер приказа об отзыве"
1714,КАЛМЫКИЯ,1998-01-01,2000-07-01,1991-12-28,1998-05-22,,,licence_ended_kind_unknown,ended_kind_unknown,,справочник BNKSEEK: дата окончания лицензии,"вид прекращения: отзыв, аннулирование, присоединение или иное; дата и документ"
1715,АКПАРС,1998-01-01,2004-07-01,1992-01-24,1996-08-13,1996-08-13,02-279,licence_revoked,revoked_reason_unknown,,Вестник: liq_table,"причина отзыва: номер и дата приказа, основания (текст приказа или выпуск «Вестника Банка России»)"
1719,МАКАРОВ,1998-01-01,2002-10-01,1992-01-10,1998-01-22,,,licence_ended_kind_unknown,ended_kind_unknown,,справочник BNKSEEK: дата окончания лицензии,"вид прекращения: отзыв, аннулирование, присоединение или иное; дата и документ"
1721,ГАЛАКТИКА МЕЖДУНАРОДНЫЙ,2001-09-01,2002-12-01,1992-01-15,1995-02-17,,,licence_ended_kind_unknown,ended_kind_unknown,,справочник BNKSEEK: дата окончания лицензии,"вид прекращения: отзыв, аннулирование, присоединение или иное; дата и документ"
1722,КАСПИЙ,2001-05-01,2004-07-01,1992-03-16,1997-03-12,1997-03-12,02-88,licence_revoked,revoked_reason_unknown,,Вестник: liq_table,"причина отзыва: номер и дата приказа, основания (текст приказа или выпуск «Вестника Банка России»)"
1724,"НКО ПАО ""ИР-Кредит""",1998-01-01,2017-01-01,1992-03-23,2017-05-29,2017-05-29,,licence_revoked,economic,,Вестник: liq_table,номер приказа об отзыве
1727,"АКБ ""СТАТУС БАНК""",1998-01-01,2003-03-01,1992-03-24,1998-07-01,1998-07-01,,licence_revoked,revoked_reason_unknown,,Вестник: liq_table,"причина отзыва: номер и дата приказа, основания (текст приказа или выпуск «Вестника Банка России»); номер приказа об отзыве"
1729,РЭМ-БАНК,2002-12-01,2004-04-01,1992-03-23,1995-11-03,1995-11-03,,licence_revoked,revoked_reason_unknown,,Вестник: liq_table,"причина отзыва: номер и дата приказа, основания (текст приказа или выпуск «Вестника Банка России»); номер приказа об отзыве"
1730,"ОАО ""ПРБ""",1998-01-01,2014-04-01,1992-03-27,2014-05-05,2014-05-05,,licence_revoked,economic,,Вестник: order,номер приказа об отзыве
1731,"ОАО ""Муниципальный коммерческий банк""",1998-06-01,2009-02-01,1992-03-26,2009-03-04,2009-03-04,,licence_revoked,economic,,"Вестник: liq_table,order",номер приказа об отзыве
1734,"ОАО ""ГАНЗАКОМБАНК""",1998-01-01,2015-04-01,1992-03-25,2015-04-17,2015-04-17,,licence_revoked,aml,,Вестник: order,номер приказа об отзыве
1735,"АКБ ""ЮНИБЕСТ""",1998-01-01,2003-04-01,1992-03-27,1999-05-18,1999-05-18,,licence_revoked,other,,Вестник: liq_table,номер приказа об отзыве
1736,"ООО КБ ""Жилкредит""",1998-01-01,2019-07-01,1992-03-27,2019-07-19,2019-07-19,,licence_revoked,other,,"Вестник: order,press",номер приказа об отзыве
1737,РЯЗАНЬБАНК,1998-01-01,2000-04-01,1992-04-01,1997-10-24,,,licence_ended_kind_unknown,ended_kind_unknown,,справочник BNKSEEK: дата окончания лицензии,"вид прекращения: отзыв, аннулирование, присоединение или иное; дата и документ"
1738,"АО ""НСТ-БАНК""",1998-01-01,2015-11-01,1992-03-30,2015-11-16,2015-11-16,,licence_revoked,other,,Вестник: order,номер приказа об отзыве
1741,РОСДОМБАНК,1998-01-01,2004-08-01,1992-04-03,1999-12-30,1999-12-30,,licence_revoked,economic,,Вестник: liq_table,номер приказа об отзыве
1742,"КБ ""ТАГАНСКИЙ""",1998-06-01,2004-06-01,1992-04-06,2001-06-15,2001-06-15,,licence_revoked,other,,Вестник: liq_table,номер приказа об отзыве
1743,"ЗАО ""Сберинвестбанк""",1998-01-01,2014-03-01,1992-03-30,2014-03-26,2014-03-26,,licence_revoked,aml,,"Вестник: liq_table,order",номер приказа об отзыве
1748,СЕВЕРНЫЙ МОРСКОЙ БАНК,1998-06-01,2002-05-01,1992-04-06,1998-05-27,,,licence_ended_kind_unknown,ended_kind_unknown,,справочник BNKSEEK: дата окончания лицензии,"вид прекращения: отзыв, аннулирование, присоединение или иное; дата и документ"
1752,"АО ""КС БАНК""",1998-01-01,2021-08-01,1992-04-13,2021-08-06,2021-08-06,,licence_revoked,other,,Вестник: press,номер приказа об отзыве
1753,ХИМКОМБАНК,1998-06-01,2001-12-01,1992-04-09,1998-08-24,,,licence_ended_kind_unknown,ended_kind_unknown,,справочник BNKSEEK: дата окончания лицензии,"вид прекращения: отзыв, аннулирование, присоединение или иное; дата и документ"
1754,СИНТО-БАНК,1998-01-01,1999-12-01,1992-04-06,1998-02-05,,,licence_ended_kind_unknown,ended_kind_unknown,,справочник BNKSEEK: дата окончания лицензии,"вид прекращения: отзыв, аннулирование, присоединение или иное; дата и документ"
1763,"АО КБ ""ИВАНОВО""",1998-01-01,2019-04-01,1992-04-13,2019-04-05,2019-04-05,,licence_revoked,aml,,"Вестник: order,press",номер приказа об отзыве
1764,УП-банк (ОАО),1998-01-01,2010-05-01,1992-04-15,2010-06-16,2010-06-16,,licence_revoked,false_only,,Вестник: liq_table,номер приказа об отзыве
1768,ОПЦИОН,2002-08-01,2004-10-01,1992-04-16,1994-11-28,1994-11-28,02-164,licence_revoked,revoked_reason_unknown,,Вестник: liq_table,"причина отзыва: номер и дата приказа, основания (текст приказа или выпуск «Вестника Банка России»)"
1769,ОШХАМАХО,1998-01-01,2001-05-01,1992-04-15,1998-07-24,,,licence_ended_kind_unknown,ended_kind_unknown,,справочник BNKSEEK: дата окончания лицензии,"вид прекращения: отзыв, аннулирование, присоединение или иное; дата и документ"
1772,НИКЭ,1998-06-01,2004-06-01,1992-04-09,1993-09-20,1993-09-20,,licence_revoked,revoked_reason_unknown,,Вестник: liq_table,"причина отзыва: номер и дата приказа, основания (текст приказа или выпуск «Вестника Банка России»); номер приказа об отзыве"
1775,"МКБ ""УНИИНВЕСТ""",1998-01-01,2003-06-01,1992-04-16,1999-04-19,,,licence_ended_kind_unknown,ended_kind_unknown,,справочник BNKSEEK: дата окончания лицензии,"вид прекращения: отзыв, аннулирование, присоединение или иное; дата и документ"
1777,"ПАО КБ ""ЕВРОКОММЕРЦ""",1998-01-01,2015-10-01,1992-04-20,2015-10-23,2015-10-23,,licence_revoked,economic,,Вестник: order,номер приказа об отзыве
1782,"""ПИКО-БАНК"" ОАО",1998-01-01,2007-05-01,1992-05-05,2007-06-20,2007-06-20,,licence_revoked,aml,,"Вестник: liq_table,order",номер приказа об отзыве
1786,ЭЛИСТА,2001-05-01,2005-10-01,1992-04-30,1995-02-16,1995-02-16,02-34,licence_revoked,revoked_reason_unknown,,Вестник: liq_table,"причина отзыва: номер и дата приказа, основания (текст приказа или выпуск «Вестника Банка России»)"
1787,ТРАСТ-БАНК,2002-11-01,2002-11-01,1992-05-05,1995-09-25,1995-09-25,02-203,licence_revoked,revoked_reason_unknown,,Вестник: liq_table,"причина отзыва: номер и дата приказа, основания (текст приказа или выпуск «Вестника Банка России»)"
1790,"УКБ ""СТАНДАРТ""",1998-06-01,2003-07-01,1992-05-12,1999-07-29,1999-07-29,,licence_revoked,other,,Вестник: liq_table,номер приказа об отзыве
1792,"ООО ""Русфинанс Банк""",1998-06-01,2021-03-01,1992-05-12,2021-03-01,,,merged,merged,,Вестник: asv,"правопреемник: рег. номер банка, к которому присоединён"
1794,"ОАО ""Липецкоблбанк""",1998-01-01,2013-07-01,1992-05-18,2013-07-08,,,licence_ended_kind_unknown,ended_kind_unknown,,справочник BNKSEEK: дата окончания лицензии,"вид прекращения: отзыв, аннулирование, присоединение или иное; дата и документ"
1795,АТЛАН,2001-07-01,2006-01-01,1992-04-20,1995-09-25,1995-09-25,02-201,licence_revoked,revoked_reason_unknown,,Вестник: liq_table,"причина отзыва: номер и дата приказа, основания (текст приказа или выпуск «Вестника Банка России»)"
1796,"АКБ ""Профинбанк""",1998-01-01,2003-01-01,1992-05-11,1999-10-19,1999-10-19,,licence_revoked,economic,,Вестник: liq_table,номер приказа об отзыве
1799,БРИКО,1998-01-01,2001-12-01,1992-05-20,1999-04-19,,,licence_ended_kind_unknown,ended_kind_unknown,,справочник BNKSEEK: дата окончания лицензии,"вид прекращения: отзыв, аннулирование, присоединение или иное; дата и документ"
1803,ДАЛЬПРОМСТРОЙБАНК,1998-06-01,2003-12-01,1992-02-06,1997-03-04,1997-03-04,,licence_revoked,revoked_reason_unknown,,Вестник: liq_table,"причина отзыва: номер и дата приказа, основания (текст приказа или выпуск «Вестника Банка России»); номер приказа об отзыве"
1806,КАРАЧАЕВСК-ПРОГРЕСС,1998-01-01,2001-12-01,1992-01-31,1999-02-15,,,licence_ended_kind_unknown,ended_kind_unknown,,справочник BNKSEEK: дата окончания лицензии,"вид прекращения: отзыв, аннулирование, присоединение или иное; дата и документ"
1807,ОРЕНБУРЖЬЕ,1998-01-01,2000-09-01,1992-02-03,1998-05-27,,,licence_ended_kind_unknown,ended_kind_unknown,,справочник BNKSEEK: дата окончания лицензии,"вид прекращения: отзыв, аннулирование, присоединение или иное; дата и документ"
1811,БАНК РАЗВИТИЯ СОБСТВЕННОСТИ,2000-02-01,2000-07-01,1992-02-18,1995-11-02,,,licence_ended_kind_unknown,ended_kind_unknown,,справочник BNKSEEK: дата окончания лицензии,"вид прекращения: отзыв, аннулирование, присоединение или иное; дата и документ"
1812,"ЗАО АКБ ""Хлебобанк""",1998-01-01,2012-07-01,1992-02-21,2012-07-27,2012-07-27,,licence_revoked,false_only,,Вестник: liq_table,номер приказа об отзыве
1813,"""ЗелАК-Банк"" ОАО",1998-01-01,2008-11-01,1992-02-19,2008-12-18,2008-12-18,,licence_revoked,economic,,"Вестник: liq_table,order",номер приказа об отзыве
1819,ЗЕМЛЯНЕ,1998-01-01,2001-08-01,1992-02-21,1998-03-05,,,licence_ended_kind_unknown,ended_kind_unknown,,справочник BNKSEEK: дата окончания лицензии,"вид прекращения: отзыв, аннулирование, присоединение или иное; дата и документ"
1821,ЭЛИКА,1998-01-01,1999-03-01,,1999-04-13,,,licence_ended_kind_unknown,ended_kind_unknown,,справочник BNKSEEK: дата окончания лицензии,"вид прекращения: отзыв, аннулирование, присоединение или иное; дата и документ; дата регистрации (начала лицензии)"
1822,АРИС,1998-01-01,1998-02-01,,1996-12-14,,,licence_ended_kind_unknown,ended_kind_unknown,,справочник BNKSEEK: дата окончания лицензии,"вид прекращения: отзыв, аннулирование, присоединение или иное; дата и документ; дата регистрации (начала лицензии)"
1823,АГИДЕЛЬ,1998-01-01,2000-01-01,1992-02-26,1995-09-25,,,licence_ended_kind_unknown,ended_kind_unknown,,справочник BNKSEEK: дата окончания лицензии,"вид прекращения: отзыв, аннулирование, присоединение или иное; дата и документ"
1824,"ОАО ""Сибэкономбанк""",1998-06-01,2006-12-01,1992-02-11,2007-01-17,2007-01-17,,licence_revoked,aml,,"Вестник: liq_table,order",номер приказа об отзыве
1827,"ОАО КБ ""СОЦГОРБАНК""",1998-06-01,2011-04-01,1992-02-28,2011-04-15,2011-04-15,,licence_revoked,other,,Вестник: liq_table,номер приказа об отзыве
1831,СИБИРСКИЙ КРЕДИТ,1998-01-01,2004-11-01,1992-03-03,1995-11-02,1995-11-02,02-251,licence_revoked,revoked_reason_unknown,,Вестник: liq_table,"причина отзыва: номер и дата приказа, основания (текст приказа или выпуск «Вестника Банка России»)"
1835,"ПАО ""Аделантбанк""",1998-01-01,2015-07-01,1992-03-03,2015-07-10,2015-07-10,,licence_revoked,aml,,"Вестник: liq_table,order",номер приказа об отзыве
1841,СЛАВЯНИН,1998-06-01,1998-11-01,,1995-06-16,1995-06-16,,licence_revoked,revoked_reason_unknown,,Вестник: liq_table,"причина отзыва: номер и дата приказа, основания (текст приказа или выпуск «Вестника Банка России»); дата регистрации (начала лицензии); номер приказа об отзыве"
1843,ДИНАСКО-БАНК,2001-06-01,2002-12-01,1992-03-11,1995-02-16,,,licence_ended_kind_unknown,ended_kind_unknown,,справочник BNKSEEK: дата окончания лицензии,"вид прекращения: отзыв, аннулирование, присоединение или иное; дата и документ"
1848,ТИРУСКОМБАНК,1998-01-01,2003-12-01,1992-03-10,1999-12-20,1999-12-20,,licence_revoked,economic,,Вестник: liq_table,номер приказа об отзыве
1851,"ЗАО ""Нижегородпромстройбанк""",1998-01-01,2011-09-01,1992-03-16,2011-09-05,,,licence_ended_kind_unknown,ended_kind_unknown,,справочник BNKSEEK: дата окончания лицензии,"вид прекращения: отзыв, аннулирование, присоединение или иное; дата и документ"
1852,НАМЫС,1999-05-01,2001-05-01,1992-03-17,1995-11-02,,,licence_ended_kind_unknown,ended_kind_unknown,,справочник BNKSEEK: дата окончания лицензии,"вид прекращения: отзыв, аннулирование, присоединение или иное; дата и документ"
1854,РИФЕЙ,1998-01-01,2002-10-01,1992-03-16,1999-04-05,,,licence_ended_kind_unknown,ended_kind_unknown,,справочник BNKSEEK: дата окончания лицензии,"вид прекращения: отзыв, аннулирование, присоединение или иное; дата и документ"
1857,"АКБ ""С-БАНК"" (ЗАО)",1998-01-01,2010-02-01,1992-03-17,2010-02-25,2010-02-25,,licence_revoked,economic,,Вестник: liq_table,номер приказа об отзыве
1859,"ОАО ""Масс Медиа Банк""",1998-01-01,2007-11-01,1992-03-23,2007-11-19,,,merged,merged,,Вестник: name,"правопреемник: рег. номер банка, к которому присоединён"
1860,"ООО ""НКО ""Паритет""",1998-01-01,2013-07-01,1992-03-23,2013-07-19,,,licence_ended_kind_unknown,ended_kind_unknown,,справочник BNKSEEK: дата окончания лицензии,"вид прекращения: отзыв, аннулирование, присоединение или иное; дата и документ"
1865,ВИКТОРИЯ,2001-10-01,2002-12-01,1992-05-22,1995-11-03,,,licence_ended_kind_unknown,ended_kind_unknown,,справочник BNKSEEK: дата окончания лицензии,"вид прекращения: отзыв, аннулирование, присоединение или иное; дата и документ"
1867,ЕВРОПЕЙСКИЙ ТОРГОВЫЙ БАНК,1998-06-01,2004-01-01,1992-05-22,1998-04-08,1998-04-08,,licence_revoked,revoked_reason_unknown,,Вестник: liq_table,"причина отзыва: номер и дата приказа, основания (текст приказа или выпуск «Вестника Банка России»); номер приказа об отзыве"
1868,"АО ""Арксбанк""",1998-01-01,2016-07-01,1992-05-22,2016-07-19,2016-07-19,,licence_revoked,other,,Вестник: order,номер приказа об отзыве
1869,"ПАО КБ ""ЕвроситиБанк""",1998-01-01,2016-06-01,1992-05-20,2016-07-07,2016-07-07,,licence_revoked,other,,Вестник: order,номер приказа об отзыве
1871,Акционерный Банк Малого Бизнеса (Открытое акционерное общество),1998-01-01,2003-09-01,1992-05-25,2000-06-05,2000-06-05,,licence_revoked,economic,,Вестник: liq_table,номер приказа об отзыве
1876,КВАНТ,1998-01-01,2003-01-01,1992-05-22,1998-01-22,1998-01-22,,licence_revoked,revoked_reason_unknown,,Вестник: liq_table,"причина отзыва: номер и дата приказа, основания (текст приказа или выпуск «Вестника Банка России»); номер приказа об отзыве"
1884,МОЛНИЯ,2003-12-01,2004-12-01,1992-05-27,1997-11-21,1997-11-21,02-501,licence_revoked,revoked_reason_unknown,,Вестник: liq_table,"причина отзыва: номер и дата приказа, основания (текст приказа или выпуск «Вестника Банка России»)"
1886,"АБ ""ЭксНет""",1998-01-01,2003-03-01,1992-05-27,2000-09-07,2000-09-07,,licence_revoked,other,,Вестник: liq_table,номер приказа об отзыве
1889,ПАКБАНК ПОЧТОВЫЙ,1998-01-01,2004-04-01,1992-05-22,1998-03-05,1998-03-05,,licence_revoked,revoked_reason_unknown,,Вестник: liq_table,"причина отзыва: номер и дата приказа, основания (текст приказа или выпуск «Вестника Банка России»); номер приказа об отзыве"
1890,"ООО ""МОСПРОМБАНК""",1998-06-01,2006-01-01,1992-05-29,2006-06-06,2006-06-07,,licence_revoked,aml,,"Вестник: liq_table,order",номер приказа об отзыве
1893,"АКБ ""Центр""",1998-01-01,2002-12-01,1992-05-26,1999-12-30,,,licence_ended_kind_unknown,ended_kind_unknown,,справочник BNKSEEK: дата окончания лицензии,"вид прекращения: отзыв, аннулирование, присоединение или иное; дата и документ"
1895,"""МАБ КББ""",1998-06-01,2003-12-01,1992-06-03,1998-07-24,1998-07-24,,licence_revoked,revoked_reason_unknown,,Вестник: liq_table,"причина отзыва: номер и дата приказа, основания (текст приказа или выпуск «Вестника Банка России»); номер приказа об отзыве"
1902,"АО РНКО ""Нарат""",1998-01-01,2021-05-01,1992-06-10,2021-05-28,2021-05-28,,licence_revoked,aml,,"Вестник: order,press",номер приказа об отзыве
1904,"АБ ""Сир"" (ОАО)",1998-01-01,2009-11-01,1992-06-10,2009-12-09,2009-12-10,,licence_revoked,economic,,"Вестник: liq_table,order",номер приказа об отзыве
1906,РАТО-БАНК,1999-11-01,2002-12-01,1992-06-11,1997-05-13,,,licence_ended_kind_unknown,ended_kind_unknown,,справочник BNKSEEK: дата окончания лицензии,"вид прекращения: отзыв, аннулирование, присоединение или иное; дата и документ"
1908,ПЕНЗКРЕДИТИНВЕСТБАНК,1998-06-01,2001-12-01,1992-05-27,1996-02-26,,,licence_ended_kind_unknown,ended_kind_unknown,,справочник BNKSEEK: дата окончания лицензии,"вид прекращения: отзыв, аннулирование, присоединение или иное; дата и документ"
1909,"ООО КБ ""РИнгкомбанк""",1998-01-01,2014-02-01,1992-06-17,2014-02-24,2014-02-24,,licence_revoked,aml,,"Вестник: liq_table,order",номер приказа об отзыве
1910,"ООО ""Банк РБ""",1998-01-01,2014-03-01,1992-06-01,2014-03-05,2014-03-05,,licence_revoked,aml,,Вестник: order,номер приказа об отзыве
1915,"ОАО КБ ""Сибконтакт""",1998-06-01,2008-10-01,1992-06-17,2008-11-19,2008-11-19,,licence_revoked,economic,,"Вестник: liq_table,order",номер приказа об отзыве
1916,МАКС-БАНК,1999-09-01,2003-07-01,1992-06-18,1995-06-16,1995-06-16,,licence_revoked,revoked_reason_unknown,,Вестник: liq_table,"причина отзыва: номер и дата приказа, основания (текст приказа или выпуск «Вестника Банка России»); номер приказа об отзыве"
1917,"АО ""Булгар банк""",1998-06-01,2017-01-01,1992-06-12,2017-01-16,2017-01-16,,licence_revoked,false_only,,Вестник: order,номер приказа об отзыве
1918,БЭТО,1998-01-01,2000-07-01,1992-06-22,1995-09-25,,,licence_ended_kind_unknown,ended_kind_unknown,,справочник BNKSEEK: дата окончания лицензии,"вид прекращения: отзыв, аннулирование, присоединение или иное; дата и документ"
1922,РТИЩЕВО-БАНК,1998-01-01,1998-09-01,,1998-10-02,,,licence_ended_kind_unknown,ended_kind_unknown,,справочник BNKSEEK: дата окончания лицензии,"вид прекращения: отзыв, аннулирование, присоединение или иное; дата и документ; дата регистрации (начала лицензии)"
1924,ЕКАТЕРИНИНСКИЙ (ЕКАТЕРИНБАНК),1998-01-01,2001-12-01,1992-06-24,1999-07-29,,,licence_ended_kind_unknown,ended_kind_unknown,,справочник BNKSEEK: дата окончания лицензии,"вид прекращения: отзыв, аннулирование, присоединение или иное; дата и документ"
1926,"ООО КБ ""НЕВАСТРОЙИНВЕСТ""",1998-01-01,2020-07-01,1992-06-17,2020-07-24,2020-07-24,,licence_revoked,aml,,"Вестник: order,press",номер приказа об отзыве
1928,"ООО КБ ""ГРиС-Банк""",1998-01-01,2016-08-01,1992-06-23,2016-08-18,2016-08-18,,licence_revoked,aml,,Вестник: order,номер приказа об отзыве
1930,ВОСТОК-ЗАПАД,1998-01-01,2002-02-01,1991-11-15,1999-02-05,,,licence_ended_kind_unknown,ended_kind_unknown,,справочник BNKSEEK: дата окончания лицензии,"вид прекращения: отзыв, аннулирование, присоединение или иное; дата и документ"
1933,ИЗУМРУДНЫЙ,2002-11-01,2003-10-01,1992-06-24,1997-08-07,1997-08-07,,licence_revoked,revoked_reason_unknown,,Вестник: liq_table,"причина отзыва: номер и дата приказа, основания (текст приказа или выпуск «Вестника Банка России»); номер приказа об отзыве"
1935,ДОН-СЕРВИС,1998-06-01,1998-12-01,,1995-11-03,1995-11-03,,licence_revoked,revoked_reason_unknown,,Вестник: liq_table,"причина отзыва: номер и дата приказа, основания (текст приказа или выпуск «Вестника Банка России»); дата регистрации (начала лицензии); номер приказа об отзыве"
1939,"ООО КБ ""Ренессанс""",1998-01-01,2015-12-01,1992-06-26,2015-12-14,2015-12-14,,licence_revoked,other,,Вестник: order,номер приказа об отзыве
1943,"ОАО Банк ""ПСБ""",1998-01-01,2014-11-01,1992-06-26,2014-11-11,2014-11-11,,licence_revoked,economic,,Вестник: order,номер приказа об отзыве
1945,МОСЭКСИБАНК,1998-01-01,2001-12-01,1992-07-02,1999-12-30,,,licence_ended_kind_unknown,ended_kind_unknown,,справочник BNKSEEK: дата окончания лицензии,"вид прекращения: отзыв, аннулирование, присоединение или иное; дата и документ"
1946,ПАО АГРОИНКОМБАНК,1998-01-01,2015-11-01,1992-07-06,2015-11-02,2015-11-02,,licence_revoked,economic,,Вестник: order,номер приказа об отзыве
1951,"ООО ""ТАНДЕМБАНК""",1998-01-01,2015-04-01,1992-07-02,2015-04-02,2015-04-02,,licence_revoked,economic,,Вестник: order,номер приказа об отзыве
1952,"ОАО КБ ""ЕВРОПРОМИНВЕСТ""",1998-01-01,2006-10-01,1992-07-02,2006-11-02,2006-11-03,,licence_revoked,aml,,"Вестник: liq_table,order",номер приказа об отзыве
1953,НЕГОЦИАНТ-БАНК,1998-06-01,2000-09-01,1992-07-02,1998-11-05,,,licence_ended_kind_unknown,ended_kind_unknown,,справочник BNKSEEK: дата окончания лицензии,"вид прекращения: отзыв, аннулирование, присоединение или иное; дата и документ"
1954,СЕВЕРНЕФТЬБАНК,1998-06-01,2001-09-01,1992-07-10,1998-07-30,,,licence_ended_kind_unknown,ended_kind_unknown,,справочник BNKSEEK: дата окончания лицензии,"вид прекращения: отзыв, аннулирование, присоединение или иное; дата и документ"
1955,"ООО ""Витас Банк""",1998-01-01,2012-06-01,1992-07-10,2012-06-29,2012-06-29,,licence_revoked,other,,справочник/реестр ЦБ,номер приказа об отзыве
1956,"ООО КБ ""Инвест-Экобанк""",1998-06-01,2015-06-01,1992-07-10,2015-06-10,2015-06-10,,licence_revoked,aml,,Вестник: order,номер приказа об отзыве
1958,КРИПС,1998-06-01,2002-11-01,1992-07-15,1998-10-29,1998-10-29,,licence_revoked,revoked_reason_unknown,,Вестник: liq_table,"причина отзыва: номер и дата приказа, основания (текст приказа или выпуск «Вестника Банка России»); номер приказа об отзыве"
1961,Связной Банк (АО),1998-01-01,2015-11-01,1992-07-21,2015-11-24,2015-11-24,,licence_revoked,economic,,Вестник: order,номер приказа об отзыве
1965,ПЕРВЫЙ РУССКИЙ БАНК,2000-07-01,2002-12-01,1992-07-23,1996-10-11,,,licence_ended_kind_unknown,ended_kind_unknown,,справочник BNKSEEK: дата окончания лицензии,"вид прекращения: отзыв, аннулирование, присоединение или иное; дата и документ"
1967,"ООО КБ ""Монолит""",1998-01-01,2014-03-01,1992-07-24,2014-03-05,2014-03-05,,licence_revoked,economic,,Вестник: order,номер приказа об отзыве
1968,"КБ ""Русский ипотечный банк"" (ООО)",1998-01-01,2018-12-01,1992-07-14,2018-11-23,2018-11-23,,licence_revoked,economic,,справочник/реестр ЦБ | причина по сообщению Банка России об отзыве (поиск 05.10.2026),номер приказа об отзыве
1970,ПЕНТА-БАНК,1998-01-01,2002-01-01,1992-07-16,1999-09-08,,,licence_ended_kind_unknown,ended_kind_unknown,,справочник BNKSEEK: дата окончания лицензии,"вид прекращения: отзыв, аннулирование, присоединение или иное; дата и документ"
1972,"АБ ""Девон-Кредит"" (ПАО)",1998-06-01,2019-11-01,1992-07-22,2019-11-15,,,licence_ended_kind_unknown,ended_kind_unknown,,справочник BNKSEEK: дата окончания лицензии,"вид прекращения: отзыв, аннулирование, присоединение или иное; дата и документ"
1974,ИНЖИНИРИНГБАНКЪ,1998-01-01,2002-05-01,1992-07-23,1998-07-15,,,licence_ended_kind_unknown,ended_kind_unknown,,справочник BNKSEEK: дата окончания лицензии,"вид прекращения: отзыв, аннулирование, присоединение или иное; дата и документ"
1975,"ООО КБ ""АйМаниБанк""",1998-01-01,2016-11-01,1992-07-27,2016-10-05,2016-10-05,,licence_revoked,economic,,Вестник: order,номер приказа об отзыве
1976,ВОСТОК-СИБИРЬ-БИЗНЕС,1998-06-01,1999-09-01,,1997-04-21,,,licence_ended_kind_unknown,ended_kind_unknown,,справочник BNKSEEK: дата окончания лицензии,"вид прекращения: отзыв, аннулирование, присоединение или иное; дата и документ; дата регистрации (начала лицензии)"
1977,"АКБ ""ЭВРОБАНК""",1998-01-01,2004-09-01,1992-07-27,1998-12-21,1998-12-21,ОД-613,licence_revoked,revoked_reason_unknown,,Вестник: liq_table,"причина отзыва: номер и дата приказа, основания (текст приказа или выпуск «Вестника Банка России»)"
1982,"АО КБ ""БТФ""",1998-01-01,2018-09-01,1992-07-31,2018-09-28,2018-09-28,,licence_revoked,other,,Вестник: order,номер приказа об отзыве
1985,"""МОТОМ-банк""",1998-01-01,2004-06-01,1992-08-03,1998-08-26,1998-08-26,,licence_revoked,revoked_reason_unknown,,Вестник: liq_table,"причина отзыва: номер и дата приказа, основания (текст приказа или выпуск «Вестника Банка России»); номер приказа об отзыве"
1987,"ЗАО ""МАБ""",1998-01-01,2016-02-01,1992-08-04,2016-02-03,2016-02-03,,licence_revoked,economic,,Вестник: order,номер приказа об отзыве
1988,"АКБ ""ЭНО"" (ПАО)",1998-01-01,2015-07-01,1992-08-07,2015-07-03,2015-07-03,,licence_revoked,aml,,"Вестник: liq_table,order",номер приказа об отзыве
1989,ПРАЙМ-РЕЙТ-БАНК,1998-01-01,2005-04-01,1992-08-07,1998-11-05,1998-11-05,ОД-539,licence_revoked,revoked_reason_unknown,,Вестник: liq_table,"причина отзыва: номер и дата приказа, основания (текст приказа или выпуск «Вестника Банка России»)"
1991,"ООО ""ЭСИДБАНК""",1998-01-01,2014-09-01,1992-07-29,2014-09-30,2014-09-30,,licence_revoked,economic,,Вестник: order,номер приказа об отзыве
1992,КБ Партнербанк ООО,1998-01-01,2008-05-01,1992-07-21,2008-06-16,2008-06-16,,licence_revoked,false_only,,"Вестник: liq_table,order",номер приказа об отзыве
1993,БЯРКИН,2000-06-01,2000-06-01,1992-08-10,1994-12-13,,,licence_ended_kind_unknown,ended_kind_unknown,,справочник BNKSEEK: дата окончания лицензии,"вид прекращения: отзыв, аннулирование, присоединение или иное; дата и документ"
1996,ЭНТРАСТ,2001-05-01,2003-10-01,1992-08-17,1997-11-06,1997-11-06,,licence_revoked,revoked_reason_unknown,,Вестник: liq_table,"причина отзыва: номер и дата приказа, основания (текст приказа или выпуск «Вестника Банка России»); номер приказа об отзыве"
1998,ИТКЛ,2005-09-01,2006-01-01,1992-08-12,1995-03-24,1995-03-24,02-71,licence_revoked,revoked_reason_unknown,,Вестник: liq_table,"причина отзыва: номер и дата приказа, основания (текст приказа или выпуск «Вестника Банка России»)"
2001,АРУАНБАНК,1998-06-01,2001-05-01,1992-08-10,1997-11-06,,,licence_ended_kind_unknown,ended_kind_unknown,,справочник BNKSEEK: дата окончания лицензии,"вид прекращения: отзыв, аннулирование, присоединение или иное; дата и документ"
2003,"ОАО ""МеТраКомБанк""",1998-01-01,2009-12-01,1992-08-17,2009-12-23,,,licence_ended_kind_unknown,ended_kind_unknown,,справочник BNKSEEK: дата окончания лицензии,"вид прекращения: отзыв, аннулирование, присоединение или иное; дата и документ"
2006,РАССВЕТ,2003-04-01,2005-05-01,1992-08-17,1995-09-25,1995-09-25,02-201,licence_revoked,revoked_reason_unknown,,Вестник: liq_table,"причина отзыва: номер и дата приказа, основания (текст приказа или выпуск «Вестника Банка России»)"
2010,КАВКАЗФЕРМЕР,2001-05-01,2006-01-01,1992-08-14,1996-07-09,1996-07-09,02-232,licence_revoked,revoked_reason_unknown,,Вестник: liq_table,"причина отзыва: номер и дата приказа, основания (текст приказа или выпуск «Вестника Банка России»)"
2011,"ОАО АКБ ""ЭКОПРОМБАНК""",1998-01-01,2014-08-01,1992-08-17,2014-08-18,2014-08-18,,licence_revoked,economic,,Вестник: order,номер приказа об отзыве
2012,НИКА,1998-01-01,2005-06-01,1992-08-07,1998-12-04,1998-12-04,ОД-591,licence_revoked,revoked_reason_unknown,,Вестник: liq_table,"причина отзыва: номер и дата приказа, основания (текст приказа или выпуск «Вестника Банка России»)"
2014,АНДИ-БАНК,2003-04-01,2005-08-01,1992-08-19,1995-02-16,1995-02-16,02-32,licence_revoked,revoked_reason_unknown,,Вестник: liq_table,"причина отзыва: номер и дата приказа, основания (текст приказа или выпуск «Вестника Банка России»)"
2018,МОСКОВСКАЯ ИНИЦИАТИВА,1999-09-01,2002-12-01,1992-08-26,1995-11-14,,,licence_ended_kind_unknown,ended_kind_unknown,,справочник BNKSEEK: дата окончания лицензии,"вид прекращения: отзыв, аннулирование, присоединение или иное; дата и документ"
2023,"КБ ""Сунжа"" ООО",1998-01-01,2014-02-01,1992-08-10,2014-02-24,2014-02-24,,licence_revoked,aml,,"Вестник: liq_table,order",номер приказа об отзыве
2025,ОМТОРБАНК,1998-01-01,1998-08-01,,1996-08-13,,,licence_ended_kind_unknown,ended_kind_unknown,,справочник BNKSEEK: дата окончания лицензии,"вид прекращения: отзыв, аннулирование, присоединение или иное; дата и документ; дата регистрации (начала лицензии)"
2026,ЗАРЯ,2003-07-01,2006-01-01,1992-08-25,1996-05-12,1996-05-12,02-122,licence_revoked,revoked_reason_unknown,,Вестник: liq_table,"причина отзыва: номер и дата приказа, основания (текст приказа или выпуск «Вестника Банка России»)"
2027,"КБ ""Геобанк"" (ООО)",1998-06-01,2021-04-01,1992-08-27,2021-04-02,2021-04-02,,licence_revoked,economic,,"Вестник: order,press",номер приказа об отзыве
2028,ВЕДА,1998-01-01,2001-12-01,1992-08-24,1998-07-30,,,licence_ended_kind_unknown,ended_kind_unknown,,справочник BNKSEEK: дата окончания лицензии,"вид прекращения: отзыв, аннулирование, присоединение или иное; дата и документ"
2029,"ОАО ""Смоленский Банк""",1998-01-01,2013-12-01,1992-08-25,2013-12-13,2013-12-13,,licence_revoked,false_only,,Вестник: order,номер приказа об отзыве
2032,ОСБАНК,1998-01-01,1999-02-01,,1999-03-11,,,licence_ended_kind_unknown,ended_kind_unknown,,справочник BNKSEEK: дата окончания лицензии,"вид прекращения: отзыв, аннулирование, присоединение или иное; дата и документ; дата регистрации (начала лицензии)"
2035,"ПАО АКБ ""РФА""",1998-01-01,2016-12-01,1992-08-26,2016-12-09,2016-12-09,,licence_revoked,economic,,Вестник: order,номер приказа об отзыве
2036,"ЗАО ""Частный банк""",1998-01-01,2004-01-01,1992-08-31,2000-08-30,2000-08-30,,licence_revoked,economic,,Вестник: liq_table,номер приказа об отзыве
2037,"КБ ""Кредитимпэкс Банк"" (ООО)",1998-01-01,2014-05-01,1992-08-28,2014-05-26,2014-05-26,,licence_revoked,other,,Вестник: order,номер приказа об отзыве
2039,"КБ ""Балткредобанк"" (ЗАО)",1998-06-01,2008-11-01,1992-09-01,2008-12-18,2008-12-18,,licence_revoked,economic,,"Вестник: liq_table,order",номер приказа об отзыве
2041,ХОУПБАНК,1998-06-01,2000-07-01,1992-08-21,1997-03-28,,,licence_ended_kind_unknown,ended_kind_unknown,,справочник BNKSEEK: дата окончания лицензии,"вид прекращения: отзыв, аннулирование, присоединение или иное; дата и документ"
2043,ХЛЕБОКОМБАНК,1998-08-01,2000-09-01,1992-08-27,1995-11-02,,,licence_ended_kind_unknown,ended_kind_unknown,,справочник BNKSEEK: дата окончания лицензии,"вид прекращения: отзыв, аннулирование, присоединение или иное; дата и документ"
2045,НЭПП-БАНК,1998-06-01,2001-12-01,1992-09-03,1998-08-26,,,licence_ended_kind_unknown,ended_kind_unknown,,справочник BNKSEEK: дата окончания лицензии,"вид прекращения: отзыв, аннулирование, присоединение или иное; дата и документ"
2050,"АО БАНК ""РСКБ""",1998-01-01,2015-06-01,1992-09-09,2015-06-10,2015-06-10,,licence_revoked,other,,Вестник: order,номер приказа об отзыве
2051,"АКБ ""Тройка"" (ОАО)",1998-01-01,2010-10-01,1992-09-09,2010-10-20,2010-10-20,,licence_revoked,economic,,Вестник: liq_table,номер приказа об отзыве
2053,"ПАО ""Спиритбанк""",1998-01-01,2020-05-01,1992-09-08,2020-05-08,,,licence_ended_kind_unknown,ended_kind_unknown,,справочник BNKSEEK: дата окончания лицензии,"вид прекращения: отзыв, аннулирование, присоединение или иное; дата и документ"
2055,Айви Банк (АО),1998-01-01,2017-03-01,1992-09-11,2017-05-29,2017-05-29,,licence_revoked,other,,Вестник: order,номер приказа об отзыве
2056,"ЗАО ""Международный Промышленный Банк""",1998-01-01,2010-09-01,1992-09-11,2010-10-04,2010-10-04,,licence_revoked,economic,,справочник/реестр ЦБ,номер приказа об отзыве
2058,"ООО ""Мединвестбанк""",1998-01-01,2007-03-01,1992-08-28,2008-05-12,2008-05-12,,licence_revoked,false_only,,"Вестник: liq_table,order",номер приказа об отзыве
2059,РЕФОРМА,1998-01-01,2003-06-01,1992-09-08,1998-04-22,,,licence_ended_kind_unknown,ended_kind_unknown,,справочник BNKSEEK: дата окончания лицензии,"вид прекращения: отзыв, аннулирование, присоединение или иное; дата и документ"
2062,ГЕОРГИЕВСКИЙ,1998-01-01,2002-10-01,1992-08-07,1997-05-28,,,licence_ended_kind_unknown,ended_kind_unknown,,справочник BNKSEEK: дата окончания лицензии,"вид прекращения: отзыв, аннулирование, присоединение или иное; дата и документ"
2063,"АО КБ ""ФорБанк""",1998-06-01,2021-03-01,1992-09-09,2021-03-12,2021-03-12,,licence_revoked,aml,,"Вестник: order,press",номер приказа об отзыве
2069,АВРОРА,1998-11-01,2005-09-01,1992-09-11,1996-08-13,1996-08-13,02-287,licence_revoked,revoked_reason_unknown,,Вестник: liq_table,"причина отзыва: номер и дата приказа, основания (текст приказа или выпуск «Вестника Банка России»)"
2071,"ООО ""Плато-банк""",1998-01-01,2015-05-01,1992-09-09,2015-05-13,2015-05-13,,licence_revoked,economic,,Вестник: order,номер приказа об отзыве
2073,"ОАО БАНК ""МБФИ""",1998-01-01,2016-04-01,1992-09-10,2016-04-27,2016-04-27,,licence_revoked,other,,Вестник: order,номер приказа об отзыве
2074,"""Объединенный национальный банк"" (ООО)",1998-01-01,2015-10-01,1992-09-16,2015-10-06,2015-10-06,,licence_revoked,aml,,"Вестник: liq_table,order",номер приказа об отзыве
2078,ЛИГАБАНК,1998-01-01,2000-09-01,1992-09-04,1998-02-19,,,licence_ended_kind_unknown,ended_kind_unknown,,справочник BNKSEEK: дата окончания лицензии,"вид прекращения: отзыв, аннулирование, присоединение или иное; дата и документ"
2080,СИА-БАНК,2003-05-01,2004-09-01,1992-09-23,1997-06-02,1997-06-02,,licence_revoked,revoked_reason_unknown,,Вестник: liq_table,"причина отзыва: номер и дата приказа, основания (текст приказа или выпуск «Вестника Банка России»); номер приказа об отзыве"
2082,"ОАО КБ ""Магаданский""",1998-01-01,2006-01-01,1992-09-22,2007-10-17,2007-10-17,,licence_revoked,aml,,"Вестник: liq_table,order",номер приказа об отзыве
2088,МОСФЕРМБАНК,2000-04-01,2000-12-01,1992-09-16,1997-03-28,,,licence_ended_kind_unknown,ended_kind_unknown,,справочник BNKSEEK: дата окончания лицензии,"вид прекращения: отзыв, аннулирование, присоединение или иное; дата и документ"
2090,"ОАО АКЗБ ""ДЕРБЕНТ-КРЕДИТ""",1998-01-01,2012-11-01,1992-09-17,2012-11-26,2012-11-26,,licence_revoked,economic,,Вестник: liq_table,номер приказа об отзыве
2092,"ООО КБ ""Хард-банк""",1998-01-01,2006-09-01,1992-08-12,2006-10-04,2006-10-05,,licence_revoked,aml,,"Вестник: liq_table,order",номер приказа об отзыве
2095,СЕРВИСБАНК,1998-06-01,2003-03-01,1992-09-25,1995-11-02,1995-11-02,,licence_revoked,revoked_reason_unknown,,Вестник: liq_table,"причина отзыва: номер и дата приказа, основания (текст приказа или выпуск «Вестника Банка России»); номер приказа об отзыве"
2097,КИРАН,2002-01-01,2003-03-01,1992-09-30,1996-06-11,1996-06-11,,licence_revoked,revoked_reason_unknown,,Вестник: liq_table,"причина отзыва: номер и дата приказа, основания (текст приказа или выпуск «Вестника Банка России»); номер приказа об отзыве"
2098,"АИБ ""Имбанк"" (ОАО)",1998-01-01,2014-01-01,1992-09-30,2014-01-20,2014-01-20,,licence_revoked,false_only,,Вестник: order,номер приказа об отзыве
2099,РУССКИЙ НАРОДНЫЙ БАНК,1998-01-01,1998-07-01,,1998-07-31,,,licence_ended_kind_unknown,ended_kind_unknown,,справочник BNKSEEK: дата окончания лицензии,"вид прекращения: отзыв, аннулирование, присоединение или иное; дата и документ; дата регистрации (начала лицензии)"
2100,ТАРКИ-ТАУ,1998-01-01,2004-04-01,1992-10-01,1998-08-06,1998-08-06,,licence_revoked,revoked_reason_unknown,,Вестник: liq_table,"причина отзыва: номер и дата приказа, основания (текст приказа или выпуск «Вестника Банка России»); номер приказа об отзыве"
2101,АРИОН,2004-11-01,2005-09-01,1992-09-30,1997-10-10,1997-10-10,02-442,licence_revoked,revoked_reason_unknown,,Вестник: liq_table,"причина отзыва: номер и дата приказа, основания (текст приказа или выпуск «Вестника Банка России»)"
2102,"КБ ""Банк инвестиций и кредитования"" (ООО)",1998-01-01,2006-07-01,1992-10-06,2006-08-09,2006-08-10,,licence_revoked,aml,,"Вестник: liq_table,order",номер приказа об отзыве
2106,ГАТЧИНКОМБАНК,1998-01-01,2005-12-01,1992-10-06,1997-03-28,1997-03-28,02-121,licence_revoked,revoked_reason_unknown,,Вестник: liq_table,"причина отзыва: номер и дата приказа, основания (текст приказа или выпуск «Вестника Банка России»)"
2108,"КБ ""Транснациональный банк"" (ООО)",1998-01-01,2015-04-01,1992-10-09,2015-04-13,2015-04-13,,licence_revoked,false_only,,Вестник: order,номер приказа об отзыве
2109,ФОРЭСТ,2003-12-01,2004-11-01,1992-10-09,1995-07-21,1995-07-21,02-163,licence_revoked,revoked_reason_unknown,,Вестник: liq_table,"причина отзыва: номер и дата приказа, основания (текст приказа или выпуск «Вестника Банка России»)"
2114,ДАЙМОХК,2001-07-01,2006-01-01,1992-09-29,1994-05-27,1994-05-27,02-74,licence_revoked,revoked_reason_unknown,,Вестник: liq_table,"причина отзыва: номер и дата приказа, основания (текст приказа или выпуск «Вестника Банка России»)"
2118,"ОАО КБ ""ФУНДАМЕНТ-БАНК""",1998-01-01,2006-01-01,1992-10-12,2007-11-14,2007-11-14,,licence_revoked,aml,,"Вестник: liq_table,order",номер приказа об отзыве
2120,МИКОБАНК,1998-01-01,2000-07-01,1992-10-06,1996-05-13,,,licence_ended_kind_unknown,ended_kind_unknown,,справочник BNKSEEK: дата окончания лицензии,"вид прекращения: отзыв, аннулирование, присоединение или иное; дата и документ"
2121,КОМБЭП,2001-03-01,2002-05-01,1992-09-25,1995-09-07,,,licence_ended_kind_unknown,ended_kind_unknown,,справочник BNKSEEK: дата окончания лицензии,"вид прекращения: отзыв, аннулирование, присоединение или иное; дата и документ"
2123,"ООО ""Промрегионбанк""",1998-01-01,2016-05-01,1992-10-15,2016-05-30,2016-05-30,,licence_revoked,economic,,Вестник: order,номер приказа об отзыве
2126,"ЗАО ""Донской народный банк""",1998-01-01,2010-02-01,1992-10-21,2010-02-05,,,licence_ended_kind_unknown,ended_kind_unknown,,справочник BNKSEEK: дата окончания лицензии,"вид прекращения: отзыв, аннулирование, присоединение или иное; дата и документ"
2129,ИНКРАСБАНК,1998-11-01,1999-04-01,,1995-02-20,,,licence_ended_kind_unknown,ended_kind_unknown,,справочник BNKSEEK: дата окончания лицензии,"вид прекращения: отзыв, аннулирование, присоединение или иное; дата и документ; дата регистрации (начала лицензии)"
2130,АРГО,1998-01-01,1999-11-01,1992-10-23,1995-09-25,,,licence_ended_kind_unknown,ended_kind_unknown,,справочник BNKSEEK: дата окончания лицензии,"вид прекращения: отзыв, аннулирование, присоединение или иное; дата и документ"
2132,СИБИНТЕР,1999-08-01,2000-03-01,1992-10-23,1995-09-25,,,licence_ended_kind_unknown,ended_kind_unknown,,справочник BNKSEEK: дата окончания лицензии,"вид прекращения: отзыв, аннулирование, присоединение или иное; дата и документ"
2135,ИММО-БАНК,2000-08-01,2001-12-01,1992-10-28,1995-11-03,,,licence_ended_kind_unknown,ended_kind_unknown,,справочник BNKSEEK: дата окончания лицензии,"вид прекращения: отзыв, аннулирование, присоединение или иное; дата и документ"
2136,"КБ ""Экономикс-Банк"" (ООО)",1998-06-01,2018-12-01,1992-11-03,2018-12-06,,,licence_ended_kind_unknown,ended_kind_unknown,,справочник BNKSEEK: дата окончания лицензии,"вид прекращения: отзыв, аннулирование, присоединение или иное; дата и документ"
2137,ИНТЕРБЛАГО,2005-09-01,2006-01-01,1992-11-04,1995-12-07,1995-12-07,02-331,licence_revoked,revoked_reason_unknown,,Вестник: liq_table,"причина отзыва: номер и дата приказа, основания (текст приказа или выпуск «Вестника Банка России»)"
2138,СИЭС-БАНК,1998-01-01,1999-04-01,,1994-12-13,,,licence_ended_kind_unknown,ended_kind_unknown,,справочник BNKSEEK: дата окончания лицензии,"вид прекращения: отзыв, аннулирование, присоединение или иное; дата и документ; дата регистрации (начала лицензии)"
2140,ПЕРСПЕКТИВА,2003-03-01,2004-05-01,1992-10-27,1996-09-18,1996-09-18,,licence_revoked,revoked_reason_unknown,,Вестник: liq_table,"причина отзыва: номер и дата приказа, основания (текст приказа или выпуск «Вестника Банка России»); номер приказа об отзыве"
2141,МОСКОВСКИЙ ТРАСТОВЫЙ БАНК,1998-01-01,2004-03-01,1992-11-04,1999-04-19,1999-04-19,,licence_revoked,other,,Вестник: liq_table,номер приказа об отзыве
2146,ЛИТАНА-БАНК,2002-12-01,2004-05-01,1992-11-10,1995-07-21,1995-07-21,,licence_revoked,revoked_reason_unknown,,Вестник: liq_table,"причина отзыва: номер и дата приказа, основания (текст приказа или выпуск «Вестника Банка России»); номер приказа об отзыве"
2148,"АО ""АКБ ""КОР""",1998-06-01,2018-10-01,1992-11-04,2018-10-05,,,licence_ended_kind_unknown,ended_kind_unknown,,справочник BNKSEEK: дата окончания лицензии,"вид прекращения: отзыв, аннулирование, присоединение или иное; дата и документ"
2153,ШАЛБУЗДАГ,2002-02-01,2005-05-01,1993-01-21,1996-09-18,1996-09-18,02-349,licence_revoked,revoked_reason_unknown,,Вестник: liq_table,"причина отзыва: номер и дата приказа, основания (текст приказа или выпуск «Вестника Банка России»)"
2154,"ООО КБ ""Интерсвязьбанк""",1998-01-01,2006-01-01,1992-11-10,2006-11-02,2006-11-03,,licence_revoked,aml,,"Вестник: liq_table,order",номер приказа об отзыве
2155,ИМАМАТ,1998-01-01,2003-09-01,1992-11-11,1998-09-03,1998-09-03,,licence_revoked,revoked_reason_unknown,,Вестник: liq_table,"причина отзыва: номер и дата приказа, основания (текст приказа или выпуск «Вестника Банка России»); номер приказа об отзыве"
2156,"АО ""НЕФТЕПРОМБАНК""",1998-01-01,2021-04-01,1992-11-12,2021-04-09,2021-04-09,,licence_revoked,economic,,Вестник: press | причина по сообщению Банка России об отзыве (поиск 05.10.2026),номер приказа об отзыве
2157,"АКБ ""ФИНПРОМБАНК"" (ПАО)",1998-01-01,2016-09-01,1992-11-19,2016-09-19,2016-09-19,,licence_revoked,economic,,Вестник: order,номер приказа об отзыве
2158,"АКБ ""БАСМАННЫЙ"" (ЗАО)",1998-06-01,2013-09-01,1992-11-19,2013-09-19,2013-09-19,,licence_revoked,other,,Вестник: liq_table,номер приказа об отзыве
2161,ПЕРВЫЙ ФЕДЕРАЛЬНЫЙ БАНК,2003-04-01,2004-03-01,1992-11-12,1995-11-03,1995-11-03,,licence_revoked,revoked_reason_unknown,,Вестник: liq_table,"причина отзыва: номер и дата приказа, основания (текст приказа или выпуск «Вестника Банка России»); номер приказа об отзыве"
2166,"КБ ""Информпрогресс"" (ООО)",1998-06-01,2017-05-01,1992-11-24,2017-05-15,2017-05-15,,licence_revoked,economic,,Вестник: order,номер приказа об отзыве
2167,"ПАО ""Банк Екатерининский""",1998-01-01,2016-03-01,1992-11-30,2016-03-17,2016-03-17,,licence_revoked,aml,,Вестник: order,номер приказа об отзыве
2174,"ООО КБ ""РАТИБОР-БАНК""",1998-01-01,2011-07-01,1992-11-30,2011-07-13,2011-07-13,,licence_revoked,economic,,Вестник: liq_table,номер приказа об отзыве
2176,"""Мастер-Банк"" (ОАО)",1998-01-01,2013-11-01,1992-12-02,2013-11-20,2013-11-20,,licence_revoked,aml,,справочник/реестр ЦБ,номер приказа об отзыве
2178,"АКБ ""Росэстбанк""",1998-06-01,2004-08-01,1992-12-08,1999-10-01,1999-10-01,,licence_revoked,economic,,Вестник: liq_table,номер приказа об отзыве
2185,РУССКО-АМЕРИКАНСКИЙ БАНКМЕЖДУНАРОДН.,1998-01-01,2001-07-01,1992-12-16,1996-12-06,,,licence_ended_kind_unknown,ended_kind_unknown,,справочник BNKSEEK: дата окончания лицензии,"вид прекращения: отзыв, аннулирование, присоединение или иное; дата и документ"
2186,"ККБ ""Ниицян""",1998-01-01,2005-07-01,1992-12-03,1998-10-07,1998-10-07,ОД-499,licence_revoked,revoked_reason_unknown,,Вестник: liq_table,"причина отзыва: номер и дата приказа, основания (текст приказа или выпуск «Вестника Банка России»)"
2187,СИБИРЯК,1998-01-01,2000-10-01,1992-11-30,1998-10-01,,,licence_ended_kind_unknown,ended_kind_unknown,,справочник BNKSEEK: дата окончания лицензии,"вид прекращения: отзыв, аннулирование, присоединение или иное; дата и документ"
2192,"КБ ""Рублевский"" ООО",1998-01-01,2013-12-01,1992-12-16,2013-12-24,2013-12-24,,licence_revoked,economic,,Вестник: order,номер приказа об отзыве
2193,ТРЕЙД-БАНК,1998-01-01,2002-12-01,1992-12-09,1995-11-02,,,licence_ended_kind_unknown,ended_kind_unknown,,справочник BNKSEEK: дата окончания лицензии,"вид прекращения: отзыв, аннулирование, присоединение или иное; дата и документ"
2196,"АКБ ""Инзер""",1998-01-01,2003-06-01,1992-12-10,1999-03-22,,,licence_ended_kind_unknown,ended_kind_unknown,,справочник BNKSEEK: дата окончания лицензии,"вид прекращения: отзыв, аннулирование, присоединение или иное; дата и документ"
2197,НАЦИОНАЛЬНЫЙ ЛЕСНОЙ БАНК,1999-11-01,2001-06-01,1992-12-17,1997-11-21,,,licence_ended_kind_unknown,ended_kind_unknown,,справочник BNKSEEK: дата окончания лицензии,"вид прекращения: отзыв, аннулирование, присоединение или иное; дата и документ"
2198,"ООО КИНБ ""ИНАРБАНК""",1998-01-01,2003-04-01,1992-12-03,1999-11-16,1999-11-16,,licence_revoked,economic,,Вестник: liq_table,номер приказа об отзыве
2200,ЕВРОПА,2000-07-01,2001-06-01,1992-12-14,1995-11-14,,,licence_ended_kind_unknown,ended_kind_unknown,,справочник BNKSEEK: дата окончания лицензии,"вид прекращения: отзыв, аннулирование, присоединение или иное; дата и документ"
2202,АЛЕКО-БАНК,2001-08-01,2002-12-01,1992-12-24,1994-01-04,,,licence_ended_kind_unknown,ended_kind_unknown,,справочник BNKSEEK: дата окончания лицензии,"вид прекращения: отзыв, аннулирование, присоединение или иное; дата и документ"
2205,КОРБЕНИНВЕСТБАНК,2004-09-01,2005-07-01,1992-12-25,1995-11-14,1995-11-14,02-312,licence_revoked,revoked_reason_unknown,,Вестник: liq_table,"причина отзыва: номер и дата приказа, основания (текст приказа или выпуск «Вестника Банка России»)"
2207,"АКБ ""Спурт"" (ПАО)",1998-06-01,2017-05-01,1992-12-22,2017-07-21,2017-07-21,,licence_revoked,economic,,Вестник: order,номер приказа об отзыве
2211,"КБ ""РЭБ"" (АО)",1998-01-01,2017-04-01,1992-12-21,2017-04-10,2017-04-10,,licence_revoked,economic,,Вестник: order,номер приказа об отзыве
2212,ВЕСТБАНК ЛТД,1998-11-01,2002-01-01,1992-12-24,1996-10-18,,,licence_ended_kind_unknown,ended_kind_unknown,,справочник BNKSEEK: дата окончания лицензии,"вид прекращения: отзыв, аннулирование, присоединение или иное; дата и документ"
2214,МЕТРОПОЛИТЕН БАНК,2000-08-01,2001-05-01,1992-12-28,1995-06-02,,,licence_ended_kind_unknown,ended_kind_unknown,,справочник BNKSEEK: дата окончания лицензии,"вид прекращения: отзыв, аннулирование, присоединение или иное; дата и документ"
2215,МАРГО,2005-05-01,2006-01-01,1992-12-30,1997-03-12,1997-03-12,02-69,licence_revoked,revoked_reason_unknown,,Вестник: liq_table,"причина отзыва: номер и дата приказа, основания (текст приказа или выпуск «Вестника Банка России»)"
2217,"АКБ ""ИСТРОНБАНК""",1998-01-01,2004-05-01,1992-12-24,1998-02-26,1998-02-26,,licence_revoked,revoked_reason_unknown,,Вестник: liq_table,"причина отзыва: номер и дата приказа, основания (текст приказа или выпуск «Вестника Банка России»); номер приказа об отзыве"
2220,"ЗАО ""МЕГА БАНК""",1998-06-01,2009-12-01,1992-12-31,2009-12-23,2009-12-23,,licence_revoked,economic,,"Вестник: liq_table,order",номер приказа об отзыве
2222,"ИКБ ""Инвесткомбанк БЭЛКОМ"" ООО",1998-01-01,2006-01-01,1993-01-06,2006-09-07,2006-09-08,,licence_revoked,economic,,"Вестник: liq_table,order",номер приказа об отзыве
2223,"ЗАО ""Банк ВЕФК-Урал""",1998-01-01,2009-01-01,1992-12-30,2009-02-18,2009-02-19,,licence_revoked,other,,Вестник: order,номер приказа об отзыве
2226,ЗАЩИТНИК ОТЕЧЕСТВА,2004-12-01,2005-08-01,1993-01-05,1994-08-16,1994-08-16,02-124,licence_revoked,revoked_reason_unknown,,Вестник: liq_table,"причина отзыва: номер и дата приказа, основания (текст приказа или выпуск «Вестника Банка России»)"
2227,"""Банк24.ру"" (ОАО)",1998-01-01,2014-09-01,1992-11-19,2014-09-16,2014-09-16,,licence_revoked,aml,,Вестник: order,номер приказа об отзыве
2228,"АО АКБ ""Констанс-Банк""",1998-01-01,2016-08-01,1993-01-11,2016-08-05,2016-08-05,,licence_revoked,economic,,Вестник: order,номер приказа об отзыве
2229,КООПТОРГБАНК,1998-06-01,2002-05-01,1993-01-12,1998-08-24,,,licence_ended_kind_unknown,ended_kind_unknown,,справочник BNKSEEK: дата окончания лицензии,"вид прекращения: отзыв, аннулирование, присоединение или иное; дата и документ"
2231,АНТАЛЬЯ,2001-07-01,2004-12-01,1993-01-06,1994-05-27,1994-05-27,02-74,licence_revoked,revoked_reason_unknown,,Вестник: liq_table,"причина отзыва: номер и дата приказа, основания (текст приказа или выпуск «Вестника Банка России»)"
2232,"АКБ ""Адам Интернэшнл"" АО.",1998-01-01,2015-01-01,1993-01-12,2015-01-20,2015-01-20,,licence_revoked,aml,,"Вестник: liq_table,order",номер приказа об отзыве
2234,ЧЕЛНЫБАНК,1998-06-01,2002-05-01,1992-12-30,1998-10-23,,,licence_ended_kind_unknown,ended_kind_unknown,,справочник BNKSEEK: дата окончания лицензии,"вид прекращения: отзыв, аннулирование, присоединение или иное; дата и документ"
2235,"АКБ ""Мультибанк"" ОАО",1998-01-01,2011-02-01,1993-01-10,2011-03-09,,,licence_ended_kind_unknown,ended_kind_unknown,,справочник BNKSEEK: дата окончания лицензии,"вид прекращения: отзыв, аннулирование, присоединение или иное; дата и документ"
2237,ДАГЗЕМБАНК,2002-10-01,2005-01-01,1992-12-31,1997-03-28,1997-03-28,02-118,licence_revoked,revoked_reason_unknown,,Вестник: liq_table,"причина отзыва: номер и дата приказа, основания (текст приказа или выпуск «Вестника Банка России»)"
2239,ВНЕШТОРГБАНК АЗИАТ.-ТИХООКЕАНСК.РЕГИОН,2000-01-01,2003-01-01,1992-11-20,1998-05-22,1998-05-22,,licence_revoked,revoked_reason_unknown,,Вестник: liq_table,"причина отзыва: номер и дата приказа, основания (текст приказа или выпуск «Вестника Банка России»); номер приказа об отзыве"
2243,ЛЭНДБАНК,1998-06-01,2006-01-01,1993-01-18,1996-12-06,1996-12-06,02-437,licence_revoked,revoked_reason_unknown,,Вестник: liq_table,"причина отзыва: номер и дата приказа, основания (текст приказа или выпуск «Вестника Банка России»)"
2244,"АО ""Мираф-Банк""",1998-01-01,2016-01-01,1993-01-19,2016-01-21,2016-01-21,,licence_revoked,economic,,Вестник: order,номер приказа об отзыве
2248,Сталь Банк (ООО),1998-06-01,2017-07-01,1993-01-26,2017-07-10,2017-07-10,,licence_revoked,other,,Вестник: order,номер приказа об отзыве
2249,"АО ""Народный банк""",1998-01-01,2020-07-01,1993-01-18,2020-07-24,,,licence_ended_kind_unknown,ended_kind_unknown,,справочник BNKSEEK: дата окончания лицензии,"вид прекращения: отзыв, аннулирование, присоединение или иное; дата и документ"
2253,"КБ ""ВЕТБ"" АО",1998-01-01,2015-06-01,1993-02-01,2015-06-10,2015-06-10,,licence_revoked,aml,,Вестник: liq_table,номер приказа об отзыве
2254,"Банк ""Кузнецкий мост"" АО",1998-01-01,2020-07-01,1993-01-29,2020-07-17,,,licence_ended_kind_unknown,ended_kind_unknown,,справочник BNKSEEK: дата окончания лицензии,"вид прекращения: отзыв, аннулирование, присоединение или иное; дата и документ"
2255,МОСКОВСКИЙ НАЦИОНАЛЬНЫЙ БАНК,1998-01-01,2001-12-01,1993-01-29,1998-06-22,,,licence_ended_kind_unknown,ended_kind_unknown,,справочник BNKSEEK: дата окончания лицензии,"вид прекращения: отзыв, аннулирование, присоединение или иное; дата и документ"
2258,"АКБ ""Мострансбанк"" ОАО",1998-01-01,2016-04-01,1993-01-28,2016-05-05,2016-05-05,,licence_revoked,other,,Вестник: order,номер приказа об отзыве
2260,"МАКБ ""МЕДКОМБАНК""",1998-01-01,2006-01-01,1993-01-28,1998-07-15,1998-07-15,ОД-336,licence_revoked,revoked_reason_unknown,,Вестник: liq_table,"причина отзыва: номер и дата приказа, основания (текст приказа или выпуск «Вестника Банка России»)"
2262,ДЕЛОВОЙ МИР,2001-07-01,2004-12-01,1993-01-29,1997-04-08,1997-04-08,02-159,licence_revoked,revoked_reason_unknown,,Вестник: liq_table,"причина отзыва: номер и дата приказа, основания (текст приказа или выпуск «Вестника Банка России»)"
2263,ОРИГИНАЛ,2001-05-01,2006-01-01,1993-01-29,1995-11-02,1995-11-02,02-258,licence_revoked,revoked_reason_unknown,,Вестник: liq_table,"причина отзыва: номер и дата приказа, основания (текст приказа или выпуск «Вестника Банка России»)"
2264,"ОАО ""Северинвестбанк""",1998-01-01,2014-08-01,1993-01-26,2014-08-08,2014-08-08,,licence_revoked,aml,,Вестник: order,номер приказа об отзыве
2266,"ОАО ""БРПП""",1998-01-01,2006-01-01,1993-01-29,2006-06-27,2006-06-27,,licence_revoked,aml,,Вестник: liq_table,номер приказа об отзыве
2267,"АО АКБ ""ЭЛЬБИН""",1998-01-01,2018-04-01,1993-01-29,2018-04-26,2018-04-26,,licence_revoked,aml,,Вестник: order,номер приказа об отзыве
2269,"КБ ""Альта-Банк"" (ЗАО)",1998-01-01,2016-02-01,1993-01-29,2016-02-08,2016-02-08,,licence_revoked,economic,,Вестник: order,номер приказа об отзыве
2270,"ПАО ""ОФК Банк""",1998-01-01,2018-04-01,1993-01-29,2018-04-16,2018-04-16,,licence_revoked,economic,,справочник/реестр ЦБ | причина по сообщению Банка России об отзыве (поиск 05.10.2026),номер приказа об отзыве
2271,"АО ""Кранбанк""",1998-01-01,2019-12-01,1993-01-28,2019-12-13,2019-12-13,,licence_revoked,aml,,"Вестник: order,press",номер приказа об отзыве
2273,"ООО КБ ""Банк БФТ""",1998-01-01,2014-05-01,1993-02-22,2014-06-02,2014-06-02,,licence_revoked,economic,,Вестник: order,номер приказа об отзыве
2274,"ООО КБ ""Ноябрьскнефтекомбанк""",1998-06-01,2011-10-01,1993-03-03,2011-10-13,2011-10-13,,licence_annulled,other,,"Вестник: liq_table | лицензия аннулирована по решению самого банка, добровольная ликвидация (приказ Банка России, поиск 05.10.2026)",номер приказа об отзыве
2277,"""АИГ Инвестиционный Банк""",1998-01-01,2004-04-01,1993-03-18,2002-12-03,2002-12-03,,licence_revoked,revoked_reason_unknown,,Вестник: liq_table,"причина отзыва: номер и дата приказа, основания (текст приказа или выпуск «Вестника Банка России»); номер приказа об отзыве"
2280,ИНТЕРФИНИНВЕСТ,1998-01-01,2003-07-01,1993-03-22,1999-12-20,1999-12-20,,licence_revoked,revoked_reason_unknown,,Вестник: liq_table,"причина отзыва: номер и дата приказа, основания (текст приказа или выпуск «Вестника Банка России»); номер приказа об отзыве"
2285,"ПАО ""Донхлеббанк""",1998-01-01,2018-12-01,1993-03-30,2018-12-21,2018-12-21,,licence_revoked,economic,,справочник/реестр ЦБ | причина по сообщению Банка России об отзыве (поиск 05.10.2026),номер приказа об отзыве
2286,СИТРАФИКОБАНК,2004-03-01,2005-03-01,1993-03-30,1995-02-16,1995-02-16,02-30,licence_revoked,revoked_reason_unknown,,Вестник: liq_table,"причина отзыва: номер и дата приказа, основания (текст приказа или выпуск «Вестника Банка России»)"
2288,РИТ,1998-06-01,2006-01-01,1993-04-01,1997-09-19,1997-09-19,02-407,licence_revoked,revoked_reason_unknown,,Вестник: liq_table,"причина отзыва: номер и дата приказа, основания (текст приказа или выпуск «Вестника Банка России»)"
2292,"АКБ ""МАПО-БАНК""",1998-01-01,2003-09-01,1993-04-08,2000-02-15,2000-02-15,,licence_revoked,economic,,Вестник: liq_table,номер приказа об отзыве
2294,САРИАБ,2003-10-01,2004-04-01,1993-04-09,1996-05-15,1996-05-15,,licence_revoked,revoked_reason_unknown,,Вестник: liq_table,"причина отзыва: номер и дата приказа, основания (текст приказа или выпуск «Вестника Банка России»); номер приказа об отзыве"
2295,"ЗАО ""БСЖВ""",1998-01-01,2011-07-01,1993-04-13,2011-06-15,,,licence_ended_kind_unknown,ended_kind_unknown,,справочник BNKSEEK: дата окончания лицензии,"вид прекращения: отзыв, аннулирование, присоединение или иное; дата и документ"
2299,"АКБ ""ВЕК"" (АО)",1998-01-01,2016-05-01,1993-04-16,2016-05-12,2016-05-12,,licence_revoked,economic,,Вестник: order,номер приказа об отзыве
2302,"КБ ""Совинком"" ООО",1998-01-01,2014-03-01,1993-04-20,2014-03-26,2014-03-26,,licence_revoked,other,,"Вестник: liq_table,order",номер приказа об отзыве
2305,БИНЕР,1998-01-01,2000-04-01,1993-04-22,1995-11-03,,,licence_ended_kind_unknown,ended_kind_unknown,,справочник BNKSEEK: дата окончания лицензии,"вид прекращения: отзыв, аннулирование, присоединение или иное; дата и документ"
2313,"АО АКБ ""РУССОБАНК""",1998-01-01,2018-12-01,1993-04-23,2018-12-21,,,licence_ended_kind_unknown,ended_kind_unknown,,справочник BNKSEEK: дата окончания лицензии,"вид прекращения: отзыв, аннулирование, присоединение или иное; дата и документ"
2314,"ОАО ""КОМВЕСБАНК""",1998-06-01,2003-07-01,1993-04-27,2003-08-11,,,licence_ended_kind_unknown,ended_kind_unknown,,справочник BNKSEEK: дата окончания лицензии,"вид прекращения: отзыв, аннулирование, присоединение или иное; дата и документ"
2316,"АО АКБ ""ГАЗБАНК""",1998-06-01,2018-07-01,1993-04-28,2018-07-11,2018-07-11,,licence_revoked,economic,,справочник/реестр ЦБ | причина по сообщению Банка России об отзыве (поиск 05.10.2026),номер приказа об отзыве
2317,"ОАО ""Эталонбанк""",1998-06-01,2007-06-01,1993-04-27,2007-06-21,,,licence_ended_kind_unknown,ended_kind_unknown,,справочник BNKSEEK: дата окончания лицензии,"вид прекращения: отзыв, аннулирование, присоединение или иное; дата и документ"
2318,ВИКТОР,2002-03-01,2003-06-01,1993-04-28,1997-07-31,,,licence_ended_kind_unknown,ended_kind_unknown,,справочник BNKSEEK: дата окончания лицензии,"вид прекращения: отзыв, аннулирование, присоединение или иное; дата и документ"
2322,"""ДВСКБанк""",1998-06-01,2002-10-01,1993-04-29,1998-09-03,,,licence_ended_kind_unknown,ended_kind_unknown,,справочник BNKSEEK: дата окончания лицензии,"вид прекращения: отзыв, аннулирование, присоединение или иное; дата и документ"
2323,НОРСИБАНК,1998-01-01,2000-07-01,1993-06-21,1998-08-24,,,licence_ended_kind_unknown,ended_kind_unknown,,справочник BNKSEEK: дата окончания лицензии,"вид прекращения: отзыв, аннулирование, присоединение или иное; дата и документ"
2324,"Банк ""Клиентский"" (АО)",1998-01-01,2015-06-01,1993-04-29,2015-07-03,2015-07-03,,licence_revoked,aml,,Вестник: order,номер приказа об отзыве
2328,"ООО КБ ""ОГНИ МОСКВЫ""",1998-01-01,2014-05-01,1993-04-29,2014-05-16,2014-05-16,,licence_revoked,economic,,Вестник: order,номер приказа об отзыве
2330,"""Конгресс-Банк"" ОАО",1998-01-01,2015-03-01,1993-04-29,2015-03-24,2015-03-24,,licence_revoked,economic,,"Вестник: liq_table,order",номер приказа об отзыве
2332,ИПОТЕЧНОГО БАНКА ЕВРОСЕВЕРБАНК,1998-06-01,1999-04-01,,1997-03-17,,,licence_ended_kind_unknown,ended_kind_unknown,,справочник BNKSEEK: дата окончания лицензии,"вид прекращения: отзыв, аннулирование, присоединение или иное; дата и документ; дата регистрации (начала лицензии)"
2336,"ЗАО АКБ ""Юникбанк""",1998-01-01,2009-03-01,1993-04-29,2009-04-22,2009-04-22,,licence_revoked,economic,,"Вестник: liq_table,order",номер приказа об отзыве
2337,"АО ""Зернобанк""",1998-06-01,2015-09-01,1993-05-13,2015-09-24,2015-09-24,,licence_revoked,other,,Вестник: order,номер приказа об отзыве
2338,"""НЕОБАНК""",1998-01-01,2003-01-01,1993-05-13,1998-03-25,1998-03-25,,licence_revoked,revoked_reason_unknown,,Вестник: liq_table,"причина отзыва: номер и дата приказа, основания (текст приказа или выпуск «Вестника Банка России»); номер приказа об отзыве"
2340,СОТО,1998-01-01,2000-10-01,1993-05-17,1997-07-31,,,licence_ended_kind_unknown,ended_kind_unknown,,справочник BNKSEEK: дата окончания лицензии,"вид прекращения: отзыв, аннулирование, присоединение или иное; дата и документ"
2341,БРОЙЛЕР,1998-06-01,1998-10-01,,1996-06-11,1996-06-11,,licence_revoked,revoked_reason_unknown,,Вестник: liq_table,"причина отзыва: номер и дата приказа, основания (текст приказа или выпуск «Вестника Банка России»); дата регистрации (начала лицензии); номер приказа об отзыве"
2346,"Банк ""Центральное ОВК"" (ОАО)",1998-01-01,2009-07-01,1993-05-20,2009-09-02,,,licence_ended_kind_unknown,ended_kind_unknown,,справочник BNKSEEK: дата окончания лицензии,"вид прекращения: отзыв, аннулирование, присоединение или иное; дата и документ"
2347,"ООО КБ ""ПЛАТИНА""",1998-01-01,2021-09-01,1993-05-20,2021-09-17,2021-09-17,,licence_revoked,aml,,"Вестник: order,press",номер приказа об отзыве
2348,ПСКОВАКДОРСТРОЙБАНК,1998-01-01,1998-08-01,,1997-03-12,,,licence_ended_kind_unknown,ended_kind_unknown,,справочник BNKSEEK: дата окончания лицензии,"вид прекращения: отзыв, аннулирование, присоединение или иное; дата и документ; дата регистрации (начала лицензии)"
2349,ТАЛЕР-БАНК,1999-11-01,2000-12-01,1993-05-24,1996-09-04,,,licence_ended_kind_unknown,ended_kind_unknown,,справочник BNKSEEK: дата окончания лицензии,"вид прекращения: отзыв, аннулирование, присоединение или иное; дата и документ"
2352,Рамит-банк,2003-10-01,2006-01-01,1993-05-24,1998-05-06,1998-05-06,ОД-225,licence_revoked,revoked_reason_unknown,,Вестник: liq_table,"причина отзыва: номер и дата приказа, основания (текст приказа или выпуск «Вестника Банка России»)"
2353,ЗАБАЙКАЛЗОЛОТОБАНК,1998-01-01,2003-08-01,1993-05-24,1998-03-05,1998-03-05,,licence_revoked,revoked_reason_unknown,,Вестник: liq_table,"причина отзыва: номер и дата приказа, основания (текст приказа или выпуск «Вестника Банка России»); номер приказа об отзыве"
2354,"АКБ ""Первый Торговый Банк""",2001-11-01,2002-12-01,1993-05-24,1998-07-15,,,licence_ended_kind_unknown,ended_kind_unknown,,справочник BNKSEEK: дата окончания лицензии,"вид прекращения: отзыв, аннулирование, присоединение или иное; дата и документ"
2355,РАДУГА,1998-01-01,2002-05-01,1993-05-27,1999-12-20,,,licence_ended_kind_unknown,ended_kind_unknown,,справочник BNKSEEK: дата окончания лицензии,"вид прекращения: отзыв, аннулирование, присоединение или иное; дата и документ"
2358,"ЗАО НКО ""АТИС""",1998-01-01,2006-01-01,1993-05-31,2007-09-12,2007-09-12,,licence_revoked,aml,,"Вестник: liq_table,order",номер приказа об отзыве
2359,"""ЗАО АКБ ""ФАБЕР-БАНК""",1998-01-01,2006-10-01,1993-06-02,2006-12-20,2006-12-20,,licence_revoked,aml,,"Вестник: liq_table,order",номер приказа об отзыве
2360,"КБ ""НАЦПРОМБАНК"" (ЗАО)",1998-06-01,2011-11-01,1993-06-01,2011-11-28,,,licence_ended_kind_unknown,ended_kind_unknown,,справочник BNKSEEK: дата окончания лицензии,"вид прекращения: отзыв, аннулирование, присоединение или иное; дата и документ"
2361,"ОАО ""МДМ-Банк""",1998-01-01,2009-08-01,1993-06-01,2009-08-06,,,licence_ended_kind_unknown,ended_kind_unknown,,справочник BNKSEEK: дата окончания лицензии,"вид прекращения: отзыв, аннулирование, присоединение или иное; дата и документ"
2364,"БАНК ""РЕЗЕРВ"" (АО)",1998-01-01,2017-08-01,1993-06-03,2017-08-09,2017-08-09,,licence_revoked,other,,Вестник: order,номер приказа об отзыве
2365,"НКО ""МРП"" (ООО)",1998-01-01,2009-12-01,1992-04-22,2009-12-17,2009-12-17,,licence_revoked,economic,,"Вестник: liq_table,order",номер приказа об отзыве
2367,АКБ Инвестиций и Технологий (ЗАО),1998-01-01,2006-01-01,1993-06-07,2006-04-04,2006-04-04,,licence_revoked,aml,,Вестник: liq_table,номер приказа об отзыве
2370,ЭСКОМБАНК,2001-04-01,2004-03-01,1993-06-07,1996-03-13,1996-03-13,,licence_revoked,revoked_reason_unknown,,Вестник: liq_table,"причина отзыва: номер и дата приказа, основания (текст приказа или выпуск «Вестника Банка России»); номер приказа об отзыве"
2371,"ЗАО АКБ ""ЮСБ""",1998-01-01,2007-07-01,1993-06-08,2009-07-01,2009-07-01,,licence_revoked,economic,,Вестник: liq_table,номер приказа об отзыве
2372,КУЗБАССКИЙ ТРАНСПОРТНЫЙ БАНК,1998-01-01,2001-01-01,1993-06-08,2001-01-29,,,licence_ended_kind_unknown,ended_kind_unknown,,справочник BNKSEEK: дата окончания лицензии,"вид прекращения: отзыв, аннулирование, присоединение или иное; дата и документ"
2373,"ОАО НАБ ""Крайний Север""",1998-01-01,2008-02-01,1993-06-08,2008-03-12,2008-03-12,,licence_revoked,aml,,"Вестник: liq_table,order",номер приказа об отзыве
2376,СУПЕРЛАН ИНВЕСТ.,2002-03-01,2003-06-01,1993-06-10,1994-08-16,,,licence_ended_kind_unknown,ended_kind_unknown,,справочник BNKSEEK: дата окончания лицензии,"вид прекращения: отзыв, аннулирование, присоединение или иное; дата и документ"
2382,"БАНК ""ТУЛЬСКИЙ ПРОМЫШЛЕННИК"" (ПАО)",1998-01-01,2015-07-01,1993-06-11,2015-07-27,2015-07-27,,licence_revoked,economic,,Вестник: order,номер приказа об отзыве
2384,"ОАО Банк ""Алемар""",1998-01-01,2010-12-01,1993-06-17,2010-12-24,,,licence_ended_kind_unknown,ended_kind_unknown,,справочник BNKSEEK: дата окончания лицензии,"вид прекращения: отзыв, аннулирование, присоединение или иное; дата и документ"
2386,СИМИНВЕСТБАНК,1998-01-01,2002-05-01,1993-06-17,1998-06-17,,,licence_ended_kind_unknown,ended_kind_unknown,,справочник BNKSEEK: дата окончания лицензии,"вид прекращения: отзыв, аннулирование, присоединение или иное; дата и документ"
2388,"АКБ ""АлтайБизнес-Банк"" (АО)",1998-06-01,2018-01-01,1993-06-17,2018-01-19,2018-01-19,,licence_revoked,other,,Вестник: order,номер приказа об отзыве
2389,КУБАНЬКООПБАНК,1998-01-01,2004-01-01,1993-06-17,1998-03-05,1998-03-05,,licence_revoked,revoked_reason_unknown,,Вестник: liq_table,"причина отзыва: номер и дата приказа, основания (текст приказа или выпуск «Вестника Банка России»); номер приказа об отзыве"
2391,НЕФТЯНОЙ БАНК,1998-01-01,2001-06-01,1993-06-18,1999-01-21,,,licence_ended_kind_unknown,ended_kind_unknown,,справочник BNKSEEK: дата окончания лицензии,"вид прекращения: отзыв, аннулирование, присоединение или иное; дата и документ"
2392,"ЗАО АКБ ""Имидж""",1998-01-01,2007-10-01,1993-06-22,2007-11-01,2007-11-01,,licence_revoked,aml,,"Вестник: liq_table,order",номер приказа об отзыве
2395,"""МТПБ""",1998-01-01,2004-01-01,1993-06-23,1998-12-21,1998-12-21,,licence_revoked,revoked_reason_unknown,,Вестник: liq_table,"причина отзыва: номер и дата приказа, основания (текст приказа или выпуск «Вестника Банка России»); номер приказа об отзыве"
2396,НАМУС,2001-06-01,2006-01-01,1993-06-23,1996-05-13,1996-05-13,02-144,licence_revoked,revoked_reason_unknown,,Вестник: liq_table,"причина отзыва: номер и дата приказа, основания (текст приказа или выпуск «Вестника Банка России»)"
2397,"ОАО ""ХОУМ-БАНК""",1998-01-01,2010-06-01,1993-06-24,2010-07-07,2010-07-07,,licence_revoked,aml,,Вестник: liq_table,номер приказа об отзыве
2398,"АО КБ ""Северный Кредит""",1998-01-01,2017-12-01,1993-06-25,2017-12-29,2017-12-29,,licence_revoked,economic,,Вестник: order,номер приказа об отзыве
2400,НИЖЕГОРОДСКИЙ КРЕДИТ,1998-01-01,2001-05-01,1993-06-25,1998-02-26,,,licence_ended_kind_unknown,ended_kind_unknown,,справочник BNKSEEK: дата окончания лицензии,"вид прекращения: отзыв, аннулирование, присоединение или иное; дата и документ"
2401,"ОАО Банк ""Народный кредит""",1998-01-01,2014-10-01,1993-06-28,2014-10-09,2014-10-09,,licence_revoked,economic,,Вестник: order,номер приказа об отзыве
2402,АО АКБ «МОСНАРБАНК»,1998-01-01,2019-03-01,1993-06-29,,,,stopped_reporting_but_active,,,,что произошло с банком после последнего отчёта
2403,"Банк ""ГПБ-Ипотека"" (АО)",1998-01-01,2017-02-01,1993-06-30,2017-02-21,2017-02-21,,licence_annulled,other,,"Вестник: liq_table | лицензия аннулирована по решению самого банка, добровольная ликвидация (сообщение Банка России, поиск 05.10.2026)",номер приказа об отзыве
2404,"АКБ ""АПАБАНК"" (АО)",1998-01-01,2020-01-01,1993-06-29,2020-01-31,2020-01-31,,licence_revoked,economic,,справочник/реестр ЦБ | причина по сообщению Банка России об отзыве (поиск 05.10.2026),номер приказа об отзыве
2405,КУБАНСКИЙ КАЗАЧИЙ БАНК,1998-01-01,2000-10-01,1993-07-05,1999-02-05,,,licence_ended_kind_unknown,ended_kind_unknown,,справочник BNKSEEK: дата окончания лицензии,"вид прекращения: отзыв, аннулирование, присоединение или иное; дата и документ"
2406,НАРОДНЫЙ БАНК СИБИРИ,1998-01-01,2000-07-01,1993-07-05,1998-04-08,,,licence_ended_kind_unknown,ended_kind_unknown,,справочник BNKSEEK: дата окончания лицензии,"вид прекращения: отзыв, аннулирование, присоединение или иное; дата и документ"
2408,ДРЕДНОУД-БАНК,2001-08-01,2003-09-01,1993-07-05,1995-02-20,1995-02-20,,licence_revoked,revoked_reason_unknown,,Вестник: liq_table,"причина отзыва: номер и дата приказа, основания (текст приказа или выпуск «Вестника Банка России»); номер приказа об отзыве"
2409,"ОАО Банк ""Южный регион""",1998-01-01,2009-11-01,1993-07-07,2009-11-27,,,licence_ended_kind_unknown,ended_kind_unknown,,справочник BNKSEEK: дата окончания лицензии,"вид прекращения: отзыв, аннулирование, присоединение или иное; дата и документ"
2410,"ПАО КБ ""ПФС-БАНК""",1998-01-01,2020-01-01,1993-07-07,2020-01-17,2020-01-17,,licence_revoked,aml,,"Вестник: order,press",номер приказа об отзыве
2412,"ОАО АКБ ""Пробизнесбанк""",1998-01-01,2015-08-01,1993-07-07,2015-08-12,2015-08-12,,licence_revoked,economic,,Вестник: order,номер приказа об отзыве
2413,"банк ""Конверсия""",1998-01-01,2002-05-01,1993-07-08,1998-03-05,1998-03-05,,licence_revoked,revoked_reason_unknown,,Вестник: liq_table,"причина отзыва: номер и дата приказа, основания (текст приказа или выпуск «Вестника Банка России»); номер приказа об отзыве"
2414,ЗАПАДНО-СИБИРСКИЙ БАНК РАЗВИТИЯ,1998-06-01,2003-04-01,1993-07-08,1999-02-15,1999-02-15,,licence_revoked,other,,Вестник: liq_table,номер приказа об отзыве
2415,УФАБИЗНЕСБАНК,1998-01-01,2000-03-01,1993-07-08,1997-08-28,,,licence_ended_kind_unknown,ended_kind_unknown,,справочник BNKSEEK: дата окончания лицензии,"вид прекращения: отзыв, аннулирование, присоединение или иное; дата и документ"
2416,ДЕВИЗА,1998-01-01,2002-04-01,1992-11-13,1999-09-08,,,licence_ended_kind_unknown,ended_kind_unknown,,справочник BNKSEEK: дата окончания лицензии,"вид прекращения: отзыв, аннулирование, присоединение или иное; дата и документ"
2417,ТЮМЕНСКИЙ АКЦИОНЕРНЫЙ СОЦИАЛЬНЫЙ БАНК,1998-06-01,2001-12-01,1993-07-12,2001-12-19,,,licence_ended_kind_unknown,ended_kind_unknown,,справочник BNKSEEK: дата окончания лицензии,"вид прекращения: отзыв, аннулирование, присоединение или иное; дата и документ"
2419,"ОАО ""Тюменьэнергобанк""",1998-06-01,2008-11-01,1993-07-12,2008-12-03,2008-12-04,,licence_revoked,other,,"Вестник: liq_table,order",номер приказа об отзыве
2421,МЕРИДИАН-ПЛЮС,1998-06-01,2001-12-01,1993-07-12,1997-06-27,,,licence_ended_kind_unknown,ended_kind_unknown,,справочник BNKSEEK: дата окончания лицензии,"вид прекращения: отзыв, аннулирование, присоединение или иное; дата и документ"
2422,"ООО КБ ""Новосибкоопбанк""",1998-01-01,2010-01-01,1993-07-12,2010-02-03,2010-02-03,,licence_annulled,other,,"Вестник: liq_table | лицензия аннулирована по решению самого банка, добровольная ликвидация (приказ Банка России, поиск 05.10.2026)",номер приказа об отзыве
2423,"ИАБ ""Диг-Банк"" (ОАО)",1998-01-01,2014-06-01,1993-07-12,2014-06-23,2014-06-23,,licence_revoked,aml,,Вестник: order,номер приказа об отзыве
2425,"ЗАСКБ ""НАДЕЖНОСТЬ"" ОАО",1998-01-01,2014-01-01,1993-07-21,2014-01-20,2014-01-20,,licence_revoked,aml,,"Вестник: liq_table,order",номер приказа об отзыве
2428,"ООО ""ВСБ""",1998-06-01,2013-12-01,1993-07-21,2013-12-02,,,licence_ended_kind_unknown,ended_kind_unknown,,справочник BNKSEEK: дата окончания лицензии,"вид прекращения: отзыв, аннулирование, присоединение или иное; дата и документ"
2429,МАГИСТРАЛЬ,1998-06-01,2000-01-01,1993-07-21,2000-01-31,,,licence_ended_kind_unknown,ended_kind_unknown,,справочник BNKSEEK: дата окончания лицензии,"вид прекращения: отзыв, аннулирование, присоединение или иное; дата и документ"
2430,ВОЛГО-ВЯТСКИЙ ПРОМИНБАНК,1998-01-01,2000-08-01,1993-07-22,1996-09-04,,,licence_ended_kind_unknown,ended_kind_unknown,,справочник BNKSEEK: дата окончания лицензии,"вид прекращения: отзыв, аннулирование, присоединение или иное; дата и документ"
2432,"Нижневартовский АБ ""СИБСЕВЕРБАНК"" (ЗАО)",1998-06-01,2003-06-01,1993-07-26,1998-08-26,1998-08-26,,licence_revoked,revoked_reason_unknown,,Вестник: liq_table,"причина отзыва: номер и дата приказа, основания (текст приказа или выпуск «Вестника Банка России»); номер приказа об отзыве"
2434,РОСЭКСПОРТБАНК,1998-01-01,2003-07-01,1993-07-26,2000-04-28,2000-04-28,,licence_revoked,economic,,Вестник: liq_table,номер приказа об отзыве
2435,"ООО РНКО ""УМУТ""",1998-01-01,2018-03-01,1993-07-27,2018-03-29,2018-03-29,,licence_revoked,aml,,Вестник: order,номер приказа об отзыве
2436,"""Мой Банк. Ипотека"" (ОАО)",1998-01-01,2014-03-01,1993-07-26,2014-03-26,2014-03-26,,licence_revoked,economic,,Вестник: order,номер приказа об отзыве
2444,"АКБ ""Никольский""",1998-01-01,2002-12-01,1993-08-02,2000-04-28,,,licence_ended_kind_unknown,ended_kind_unknown,,справочник BNKSEEK: дата окончания лицензии,"вид прекращения: отзыв, аннулирование, присоединение или иное; дата и документ"
2445,ИТИЛЬХЛЕБОБАНК,1998-01-01,1999-05-01,,1998-09-03,,,licence_ended_kind_unknown,ended_kind_unknown,,справочник BNKSEEK: дата окончания лицензии,"вид прекращения: отзыв, аннулирование, присоединение или иное; дата и документ; дата регистрации (начала лицензии)"
2447,(ОАО Удмуртинвестстройбанк),1998-01-01,2011-11-01,1993-08-03,2011-11-14,,,licence_ended_kind_unknown,ended_kind_unknown,,справочник BNKSEEK: дата окончания лицензии,"вид прекращения: отзыв, аннулирование, присоединение или иное; дата и документ"
2450,АСАД,2003-10-01,2005-01-01,1993-08-09,1996-05-13,1996-05-13,02-147,licence_revoked,revoked_reason_unknown,,Вестник: liq_table,"причина отзыва: номер и дата приказа, основания (текст приказа или выпуск «Вестника Банка России»)"
2453,ЕВРОИНВЕСТ,1999-06-01,2000-09-01,1993-08-09,1998-02-26,,,licence_ended_kind_unknown,ended_kind_unknown,,справочник BNKSEEK: дата окончания лицензии,"вид прекращения: отзыв, аннулирование, присоединение или иное; дата и документ"
2455,Дрезднер Банк ЗАО,1998-01-01,2010-09-01,1993-08-09,2010-09-24,,,licence_ended_kind_unknown,ended_kind_unknown,,справочник BNKSEEK: дата окончания лицензии,"вид прекращения: отзыв, аннулирование, присоединение или иное; дата и документ"
2456,ДИМС,1998-01-01,2006-01-01,1993-08-10,1998-09-11,1998-09-11,ОД-442,licence_revoked,revoked_reason_unknown,,Вестник: liq_table,"причина отзыва: номер и дата приказа, основания (текст приказа или выпуск «Вестника Банка России»)"
2459,АГРОГРАЖДАНСТРОЙБАНК,1998-01-01,2000-07-01,1993-08-12,1998-03-05,,,licence_ended_kind_unknown,ended_kind_unknown,,справочник BNKSEEK: дата окончания лицензии,"вид прекращения: отзыв, аннулирование, присоединение или иное; дата и документ"
2462,"АКБ ""Онлайн Банк"" (ЗАО)",1998-01-01,2014-08-01,1993-08-13,2014-08-28,2014-08-28,,licence_revoked,other,,Вестник: liq_table,номер приказа об отзыве
2463,АДМИРАЛ-БАНК,2003-07-01,2004-09-01,1993-08-13,1995-02-16,1995-02-16,02-25,licence_revoked,revoked_reason_unknown,,Вестник: liq_table,"причина отзыва: номер и дата приказа, основания (текст приказа или выпуск «Вестника Банка России»)"
2464,"ОАО КБ ""Р.И.Г.""",1998-01-01,2007-10-01,1993-08-13,2007-11-19,2007-11-19,,licence_revoked,aml,,"Вестник: liq_table,order",номер приказа об отзыве
2466,"ОАО ИКБ ""Петрофф-банк""",1998-01-01,2010-10-01,1993-08-23,2010-10-29,,,licence_ended_kind_unknown,ended_kind_unknown,,справочник BNKSEEK: дата окончания лицензии,"вид прекращения: отзыв, аннулирование, присоединение или иное; дата и документ"
2467,ИПОКОМБАНК,1998-01-01,2001-12-01,1993-08-24,1998-12-04,,,licence_ended_kind_unknown,ended_kind_unknown,,справочник BNKSEEK: дата окончания лицензии,"вид прекращения: отзыв, аннулирование, присоединение или иное; дата и документ"
2468,"АКБ ""Мосуралбанк"" (АО)",1998-06-01,2018-06-01,1993-08-24,2018-06-22,2018-06-22,,licence_revoked,false_only,,Вестник: order,номер приказа об отзыве
2469,"Банк ""Навигатор"" (ОАО)",1998-01-01,2014-05-01,1993-08-24,2014-05-13,2014-05-13,,licence_revoked,aml,,Вестник: order,номер приказа об отзыве
2471,"АО ""ПроБанк""",1998-06-01,2015-05-01,1993-08-25,2015-05-20,2015-05-20,,licence_revoked,aml,,"Вестник: liq_table,order",номер приказа об отзыве
2472,"АКБ ""БНКВ"" (АО)",1998-01-01,2016-12-01,1993-08-26,2016-12-29,2016-12-29,,licence_revoked,other,,Вестник: order,номер приказа об отзыве
2473,ИДС-БАНК ИНВЕСТИЦИОННЫЙ,2000-11-01,2001-12-01,1993-08-26,1995-10-30,,,licence_ended_kind_unknown,ended_kind_unknown,,справочник BNKSEEK: дата окончания лицензии,"вид прекращения: отзыв, аннулирование, присоединение или иное; дата и документ"
2475,"АКБ ""МЗБ"" (ЗАО)",1998-01-01,2009-01-01,1993-08-26,2009-02-02,,,licence_ended_kind_unknown,ended_kind_unknown,,справочник BNKSEEK: дата окончания лицензии,"вид прекращения: отзыв, аннулирование, присоединение или иное; дата и документ"
2477,ЗАО НЗМБанк,1998-01-01,2002-06-01,1993-08-31,1998-10-07,1998-10-07,,licence_revoked,revoked_reason_unknown,,Вестник: liq_table,"причина отзыва: номер и дата приказа, основания (текст приказа или выпуск «Вестника Банка России»); номер приказа об отзыве"
2478,"ОАО АБ ""Южный Торговый Банк""",1998-01-01,2009-02-01,1993-08-31,2009-03-04,2009-03-05,,licence_revoked,other,,Вестник: order,номер приказа об отзыве
2479,ИНТЕРСЕВЕРБАНК,2001-12-01,2002-12-01,1993-09-02,1995-11-27,,,licence_ended_kind_unknown,ended_kind_unknown,,справочник BNKSEEK: дата окончания лицензии,"вид прекращения: отзыв, аннулирование, присоединение или иное; дата и документ"
2480,"ОАО Банк ""Аскольд""",1998-01-01,2013-12-01,1993-09-03,2013-12-24,2013-12-24,,licence_revoked,economic,,Вестник: order,номер приказа об отзыве
2483,КАРЕЛСОЦБАНК,1998-01-01,2001-05-01,1993-09-08,1998-09-11,,,licence_ended_kind_unknown,ended_kind_unknown,,справочник BNKSEEK: дата окончания лицензии,"вид прекращения: отзыв, аннулирование, присоединение или иное; дата и документ"
2484,"АО Банк ""Онего""",1998-01-01,2020-12-01,1993-09-08,2020-12-11,2020-12-11,,licence_revoked,aml,,"Вестник: order,press",номер приказа об отзыве
2485,"""РБРР"" ОАО",1998-01-01,2002-12-01,1993-09-08,2000-05-04,,,licence_ended_kind_unknown,ended_kind_unknown,,справочник BNKSEEK: дата окончания лицензии,"вид прекращения: отзыв, аннулирование, присоединение или иное; дата и документ"
2486,ВОЛГОФОНДБАНК,1998-06-01,2003-09-01,1993-09-08,1998-08-06,1998-08-06,,licence_revoked,revoked_reason_unknown,,Вестник: liq_table,"причина отзыва: номер и дата приказа, основания (текст приказа или выпуск «Вестника Банка России»); номер приказа об отзыве"
2488,АПРЕЛЬ,2002-01-01,2004-01-01,1993-09-08,1997-07-22,1997-07-22,,licence_revoked,revoked_reason_unknown,,Вестник: liq_table,"причина отзыва: номер и дата приказа, основания (текст приказа или выпуск «Вестника Банка России»); номер приказа об отзыве"
2489,"ЗАО ""ФПБ""",1998-01-01,2006-08-01,1993-09-08,2006-08-23,2006-08-23,,licence_revoked,aml,,"Вестник: liq_table,order",номер приказа об отзыве
2491,"ООО КБ ""Алжан""",1998-01-01,2018-03-01,1993-09-13,2018-03-02,2018-03-02,,licence_revoked,aml,,Вестник: order,номер приказа об отзыве
2492,ДИОРИТ-БАНК,2002-10-01,2003-09-01,1993-09-13,1996-05-05,1996-05-05,,licence_revoked,revoked_reason_unknown,,Вестник: liq_table,"причина отзыва: номер и дата приказа, основания (текст приказа или выпуск «Вестника Банка России»); номер приказа об отзыве"
2493,"ООО ""КБ ""МЕЖТРАСТБАНК""",1998-01-01,2016-01-01,1993-09-08,2016-01-29,2016-01-29,,licence_revoked,economic,,Вестник: order,номер приказа об отзыве
2496,СЕВЕР-ЮГ,1998-01-01,2001-12-01,1993-09-14,1998-10-14,,,licence_ended_kind_unknown,ended_kind_unknown,,справочник BNKSEEK: дата окончания лицензии,"вид прекращения: отзыв, аннулирование, присоединение или иное; дата и документ"
2500,ВЯТСКИЙ НАРОДНЫЙ БАНК,1998-01-01,2001-12-01,1993-09-20,1998-11-12,,,licence_ended_kind_unknown,ended_kind_unknown,,справочник BNKSEEK: дата окончания лицензии,"вид прекращения: отзыв, аннулирование, присоединение или иное; дата и документ"
2501,"ОАО КБ ""Сибирский Банк развития""",1998-01-01,2006-01-01,1993-09-20,2007-04-05,2007-04-06,,licence_revoked,aml,,"Вестник: liq_table,order",номер приказа об отзыве
2502,МОСКОВСКИЙ,1998-01-01,2003-06-01,1993-09-21,1998-11-27,,,licence_ended_kind_unknown,ended_kind_unknown,,справочник BNKSEEK: дата окончания лицензии,"вид прекращения: отзыв, аннулирование, присоединение или иное; дата и документ"
2503,"АКБ ""ЕИБ"" ЗАО",1998-01-01,2013-08-01,1993-09-21,2013-09-10,2013-09-10,,licence_revoked,other,,справочник/реестр ЦБ,номер приказа об отзыве
2504,ЗОЛОТЫЕ ВОРОТА,1998-01-01,2002-05-01,1993-09-21,1998-05-14,,,licence_ended_kind_unknown,ended_kind_unknown,,справочник BNKSEEK: дата окончания лицензии,"вид прекращения: отзыв, аннулирование, присоединение или иное; дата и документ"
2511,ТОПЛИВНЫЙ БАНК,1998-01-01,2002-05-01,1993-09-21,1998-07-30,,,licence_ended_kind_unknown,ended_kind_unknown,,справочник BNKSEEK: дата окончания лицензии,"вид прекращения: отзыв, аннулирование, присоединение или иное; дата и документ"
2514,"АКБ ""Фалькон"" (ОАО)",1998-01-01,2006-08-01,1993-09-29,2007-09-19,2007-09-19,,licence_revoked,aml,,"Вестник: liq_table,order",номер приказа об отзыве
2515,СОЛЬДИ,2004-03-01,2004-12-01,1993-09-29,1997-06-27,1997-06-27,02-282,licence_revoked,revoked_reason_unknown,,Вестник: liq_table,"причина отзыва: номер и дата приказа, основания (текст приказа или выпуск «Вестника Банка России»)"
2516,ХАЗАР,2001-06-01,2002-08-01,1993-09-20,1998-03-18,1998-03-18,,licence_revoked,revoked_reason_unknown,,Вестник: liq_table,"причина отзыва: номер и дата приказа, основания (текст приказа или выпуск «Вестника Банка России»); номер приказа об отзыве"
2517,ЗАПБАЛТКОМБАНК,1998-06-01,2001-01-01,1993-09-29,1997-02-21,,,licence_ended_kind_unknown,ended_kind_unknown,,справочник BNKSEEK: дата окончания лицензии,"вид прекращения: отзыв, аннулирование, присоединение или иное; дата и документ"
2519,"ООО ""УралКапиталБанк""",1998-01-01,2018-02-01,1993-09-30,2018-02-15,2018-02-15,,licence_revoked,other,,Вестник: order,номер приказа об отзыве
2520,"АКБ ""НЕФТЯНОЙ КАПИТАЛ""",1998-01-01,2003-07-01,1993-09-30,2000-08-30,2000-08-30,,licence_revoked,economic,,Вестник: liq_table,номер приказа об отзыве
2521,"ООО КБ ""МР-БАНК""",1998-01-01,2004-04-01,1993-10-07,2002-06-26,2002-06-26,,licence_revoked,other,,"Вестник: liq_table,order",номер приказа об отзыве
2523,"ОАО ""УРАЛЬСКИЙ ТРАСТОВЫЙ БАНК""",1998-01-01,2012-05-01,1993-10-05,2012-05-31,,,licence_ended_kind_unknown,ended_kind_unknown,,справочник BNKSEEK: дата окончания лицензии,"вид прекращения: отзыв, аннулирование, присоединение или иное; дата и документ"
2524,"КБ ""МКБ"" (АО)",1998-01-01,2020-11-01,1993-10-05,2020-11-13,2020-11-13,,licence_revoked,economic,,Вестник: press | причина по сообщению Банка России об отзыве (поиск 05.10.2026),номер приказа об отзыве
2525,"АКБ ""УниверБанк"" (ОАО)",1998-01-01,2006-07-01,1993-10-08,2006-08-23,2006-08-23,,licence_revoked,aml,,"Вестник: liq_table,order",номер приказа об отзыве
2526,"КБ ""АЭРОПОРТ"" ООО",1998-01-01,2004-06-01,1993-10-08,1999-09-08,1999-09-08,,licence_revoked,other,,Вестник: liq_table,номер приказа об отзыве
2527,"Банк ""Почтовый""",1998-01-01,2003-08-01,1993-10-08,1999-10-19,1999-10-19,,licence_revoked,economic,,Вестник: liq_table,номер приказа об отзыве
2529,"АО ""АКТИВ БАНК""",1998-01-01,2021-06-01,1993-10-14,2021-06-25,2021-06-25,,licence_revoked,economic,,Вестник: press | причина по сообщению Банка России об отзыве (поиск 05.10.2026),номер приказа об отзыве
2535,"ООО ""Банк Империя""",1998-01-01,2010-12-01,1993-10-19,2010-12-13,,,licence_ended_kind_unknown,ended_kind_unknown,,справочник BNKSEEK: дата окончания лицензии,"вид прекращения: отзыв, аннулирование, присоединение или иное; дата и документ"
2537,"КБ ""ПРИСКО КАПИТАЛ БАНК"", АО",1998-01-01,2016-06-01,1993-10-21,2016-06-29,2016-06-29,,licence_revoked,economic,,Вестник: order,номер приказа об отзыве
2538,ИРКУТСКСНАББАНК,1998-01-01,2001-12-01,1993-10-21,1999-03-10,,,licence_ended_kind_unknown,ended_kind_unknown,,справочник BNKSEEK: дата окончания лицензии,"вид прекращения: отзыв, аннулирование, присоединение или иное; дата и документ"
2542,"АО ""ФИА-БАНК""",1998-06-01,2016-04-01,1993-10-25,2016-04-08,2016-04-08,,licence_revoked,economic,,Вестник: order,номер приказа об отзыве
2543,КБ МКБ (ООО),1998-01-01,2016-12-01,1993-10-25,2016-12-22,2016-12-22,,licence_revoked,aml,,"Вестник: liq_table,order",номер приказа об отзыве
2544,ГЕЯ-БАНК ИНВЕСТИЦИОННЫЙ,1999-11-01,2000-09-01,1993-10-25,1997-07-31,,,licence_ended_kind_unknown,ended_kind_unknown,,справочник BNKSEEK: дата окончания лицензии,"вид прекращения: отзыв, аннулирование, присоединение или иное; дата и документ"
2547,"АКБ ""Капиталбанк"" (ПАО)",1998-01-01,2016-02-01,1993-10-25,2016-02-15,2016-02-15,,licence_revoked,other,,Вестник: order,номер приказа об отзыве
2548,"АО ""МЕТРОБАНК""",1998-01-01,2015-05-01,1993-10-29,2015-06-01,2015-06-01,,licence_revoked,other,,Вестник: order,номер приказа об отзыве
2549,"КОММЕРЧЕСКИЙ БАНК ""ПОЧТА-БАНК"" (ОБЩЕСТВО С ОГРАНИЧЕННОЙ ОТВЕТСТВЕННОСТЬЮ)",1998-01-01,2002-12-01,1993-10-29,2000-03-24,,,licence_ended_kind_unknown,ended_kind_unknown,,справочник BNKSEEK: дата окончания лицензии,"вид прекращения: отзыв, аннулирование, присоединение или иное; дата и документ"
2553,"КБ ООО ""Соцкредитбанк""",1998-01-01,2009-02-01,1993-10-29,2009-03-18,2009-03-18,,licence_revoked,economic,,"Вестник: liq_table,order",номер приказа об отзыве
2554,"ООО КБ ""Камский горизонт""",1998-06-01,2016-11-01,1993-10-29,2016-11-03,2016-11-03,,licence_revoked,economic,,Вестник: order,номер приказа об отзыве
2556,ГРАНТ,1998-06-01,2004-09-01,1993-11-01,2000-09-07,2000-09-07,ОД-346,licence_revoked,revoked_reason_unknown,,Вестник: liq_table,"причина отзыва: номер и дата приказа, основания (текст приказа или выпуск «Вестника Банка России»)"
2558,"АКБ ""АСКОбанк""",1998-01-01,2003-09-01,1993-11-01,1998-11-27,1998-11-27,,licence_revoked,revoked_reason_unknown,,Вестник: liq_table,"причина отзыва: номер и дата приказа, основания (текст приказа или выпуск «Вестника Банка России»); номер приказа об отзыве"
2560,"ОАО ""ТНГИБАНК""",1998-01-01,2010-01-01,1993-11-01,2010-02-10,2010-02-10,,licence_revoked,economic,,Вестник: liq_table,номер приказа об отзыве
2563,"ООО КБ ""ГРАДОБанк""",1998-01-01,2006-01-01,1993-11-01,2007-01-24,2007-01-24,,licence_revoked,aml,,"Вестник: liq_table,order",номер приказа об отзыве
2565,"ООО КБ ""Универсал""",1998-01-01,2009-10-01,1993-11-01,2009-10-28,2009-10-28,,licence_revoked,economic,,"Вестник: liq_table,order",номер приказа об отзыве
2566,"АКБ ""БИС-КРЕДИТ""",1998-01-01,2003-05-01,1993-11-03,1999-03-10,1999-03-10,,licence_revoked,economic,,Вестник: liq_table,номер приказа об отзыве
2567,ФИНРОС ФИНАНСОВАЯ ИНИЦИАТИВА,1998-01-01,2002-06-01,1993-11-09,1999-04-19,,,licence_ended_kind_unknown,ended_kind_unknown,,справочник BNKSEEK: дата окончания лицензии,"вид прекращения: отзыв, аннулирование, присоединение или иное; дата и документ"
2569,"МАБ ""АСМ-Клирингбанк""",1998-01-01,2002-12-01,1993-11-12,1999-07-29,,,licence_ended_kind_unknown,ended_kind_unknown,,справочник BNKSEEK: дата окончания лицензии,"вид прекращения: отзыв, аннулирование, присоединение или иное; дата и документ"
2572,АКАДЕМИЧЕСКИЙ БАНК,1998-06-01,2002-12-01,1993-11-12,1998-10-01,,,licence_ended_kind_unknown,ended_kind_unknown,,справочник BNKSEEK: дата окончания лицензии,"вид прекращения: отзыв, аннулирование, присоединение или иное; дата и документ"
2573,"Банк ""Александровский""",1998-01-01,2002-12-01,1993-11-12,1998-10-29,,,licence_ended_kind_unknown,ended_kind_unknown,,справочник BNKSEEK: дата окончания лицензии,"вид прекращения: отзыв, аннулирование, присоединение или иное; дата и документ"
2575,"АКБ ""ФОРПОСТ"" (ЗАО)",1998-01-01,2006-12-01,1993-11-12,2006-12-26,2006-12-26,,licence_revoked,aml,,"Вестник: liq_table,order",номер приказа об отзыве
2579,"КБ ""ЧК-БАНК"" (ООО)",1998-01-01,2006-01-01,1993-11-23,2007-10-25,2007-10-25,,licence_revoked,aml,,"Вестник: liq_table,order",номер приказа об отзыве
2581,"ЗАО ""С банк""",1998-01-01,2014-03-01,1993-11-23,2014-03-18,2014-03-18,,licence_revoked,economic,,Вестник: order,номер приказа об отзыве
2583,МЕЛОН-БАНК,2003-04-01,2003-10-01,1993-11-25,1995-07-21,1995-07-21,,licence_revoked,revoked_reason_unknown,,Вестник: liq_table,"причина отзыва: номер и дата приказа, основания (текст приказа или выпуск «Вестника Банка России»); номер приказа об отзыве"
2586,"ОАО ""ЮНИКОРБАНК""",1998-01-01,2014-07-01,1993-11-25,2014-07-25,2014-07-25,,licence_revoked,other,,Вестник: order,номер приказа об отзыве
2591,"АБ ""ЭЛИОТБАНК""",2004-12-01,2006-01-01,1993-12-01,1998-02-19,1998-02-19,ОД-61,licence_revoked,revoked_reason_unknown,,Вестник: liq_table,"причина отзыва: номер и дата приказа, основания (текст приказа или выпуск «Вестника Банка России»)"
2592,ТАБАСАРАН,2001-05-01,2002-08-01,1993-12-02,1997-03-12,1997-03-12,,licence_revoked,revoked_reason_unknown,,Вестник: liq_table,"причина отзыва: номер и дата приказа, основания (текст приказа или выпуск «Вестника Банка России»); номер приказа об отзыве"
2593,"ООО КБ ""Альба Альянс""",1998-06-01,2021-03-01,1993-12-03,2021-03-12,,,licence_ended_kind_unknown,ended_kind_unknown,,справочник BNKSEEK: дата окончания лицензии,"вид прекращения: отзыв, аннулирование, присоединение или иное; дата и документ"
2596,"ОАО ""Гинес-банк""",1998-06-01,2004-03-01,1993-12-03,1998-11-05,1998-11-05,,licence_revoked,revoked_reason_unknown,,Вестник: liq_table,"причина отзыва: номер и дата приказа, основания (текст приказа или выпуск «Вестника Банка России»); номер приказа об отзыве"
2597,"АКБ ""ДЕРЖАВНЫЙ""",1998-01-01,2004-05-01,1993-12-03,1999-05-18,1999-05-18,,licence_revoked,economic,,Вестник: liq_table,номер приказа об отзыве
2598,"ОАО Банк ""Западный""",1998-01-01,2014-04-01,1993-12-03,2014-04-21,2014-04-21,,licence_revoked,false_only,,Вестник: order,номер приказа об отзыве
2603,"ООО КБ ""Риндест""",1998-06-01,2003-07-01,1993-12-06,1999-12-20,1999-12-20,,licence_revoked,economic,,Вестник: liq_table,номер приказа об отзыве
2604,"АКБ ""Сибирский Энергетический Банк"" (ЗАО)",1998-01-01,2012-04-01,1993-12-06,2012-04-05,,,licence_ended_kind_unknown,ended_kind_unknown,,справочник BNKSEEK: дата окончания лицензии,"вид прекращения: отзыв, аннулирование, присоединение или иное; дата и документ"
2605,"ООО ""РНКО ""ВЕСТ""",1998-01-01,2019-11-01,1993-12-08,2019-11-22,2019-11-22,,licence_revoked,aml,,"Вестник: order,press",номер приказа об отзыве
2606,"ООО КБ ""Сембанк""",1998-01-01,2012-05-01,1993-12-08,2012-05-16,,,licence_ended_kind_unknown,ended_kind_unknown,,справочник BNKSEEK: дата окончания лицензии,"вид прекращения: отзыв, аннулирование, присоединение или иное; дата и документ"
2607,"АО ""Кросна-Банк""",1998-01-01,2022-02-01,1993-12-08,,2022-08-12,,alive_2022,,,Вестник: press,номер приказа об отзыве
2612,"ОАО ""Волго-Дон банк""",1998-06-01,2007-08-01,1993-12-13,2007-08-29,2007-08-29,,licence_revoked,aml,,"Вестник: liq_table,order",номер приказа об отзыве
2613,АСКБ,1998-01-01,2002-05-01,1993-12-13,1998-12-28,,,licence_ended_kind_unknown,ended_kind_unknown,,справочник BNKSEEK: дата окончания лицензии,"вид прекращения: отзыв, аннулирование, присоединение или иное; дата и документ"
2615,АНТЕЙ,1998-06-01,2003-07-01,1993-12-13,1998-12-28,1998-12-28,,licence_revoked,economic,,Вестник: liq_table,номер приказа об отзыве
2617,"ООО КБ ""Банк Расчетов и Сбережений""",1998-01-01,2015-07-01,1993-12-17,2015-08-03,2015-08-03,,licence_revoked,aml,,"Вестник: liq_table,order",номер приказа об отзыве
2620,"АО КБ ""МБР-банк""",1998-01-01,2016-06-01,1993-12-21,2016-06-17,2016-06-17,,licence_revoked,economic,,Вестник: order,номер приказа об отзыве
2621,КРЕДИТНЫЙ СОЮЗ ПАЕВОЙ,2002-05-01,2004-01-01,1993-12-21,1998-07-15,1998-07-15,,licence_revoked,revoked_reason_unknown,,Вестник: liq_table,"причина отзыва: номер и дата приказа, основания (текст приказа или выпуск «Вестника Банка России»); номер приказа об отзыве"
2622,ПРОМЫШЛЕННЫЙ КРЕДИТ,2002-01-01,2003-07-01,1993-12-21,1997-07-10,1997-07-10,,licence_revoked,revoked_reason_unknown,,Вестник: liq_table,"причина отзыва: номер и дата приказа, основания (текст приказа или выпуск «Вестника Банка России»); номер приказа об отзыве"
2624,РЕСОКО,2001-04-01,2002-04-01,1993-12-21,1997-03-12,,,licence_ended_kind_unknown,ended_kind_unknown,,справочник BNKSEEK: дата окончания лицензии,"вид прекращения: отзыв, аннулирование, присоединение или иное; дата и документ"
2625,"ООО КБ ""Капитал Кредит""",1998-06-01,2008-12-01,1993-12-23,2008-12-25,2008-12-26,,licence_revoked,economic,,Вестник: order,номер приказа об отзыве
2626,"АКБ ""ОБПИ"" (ПАО)",1998-01-01,2015-07-01,1993-12-23,2015-07-21,2015-07-21,,licence_revoked,economic,,Вестник: order,номер приказа об отзыве
2632,БайкалБанк (ПАО),1998-01-01,2016-08-01,1993-12-24,2016-08-18,2016-08-18,,licence_revoked,economic,,Вестник: order,номер приказа об отзыве
2633,ООО КСНбанк,1998-01-01,2002-06-01,1993-12-27,1999-07-29,1999-07-29,,licence_revoked,economic,,Вестник: liq_table,номер приказа об отзыве
2635,БАРН,1998-01-01,2001-06-01,1993-12-30,1998-07-15,,,licence_ended_kind_unknown,ended_kind_unknown,,справочник BNKSEEK: дата окончания лицензии,"вид прекращения: отзыв, аннулирование, присоединение или иное; дата и документ"
2636,"КБ ""РЕЗОН-БАНК"" (ООО)",1998-06-01,2002-12-01,1993-12-30,1999-11-26,,,licence_ended_kind_unknown,ended_kind_unknown,,справочник BNKSEEK: дата окончания лицензии,"вид прекращения: отзыв, аннулирование, присоединение или иное; дата и документ"
2637,МАГРИБ-БАНК,1998-01-01,2006-01-01,1993-12-30,1998-08-14,1998-08-14,ОД-382,licence_revoked,revoked_reason_unknown,,Вестник: liq_table,"причина отзыва: номер и дата приказа, основания (текст приказа или выпуск «Вестника Банка России»)"
2640,"АКБ ""Петровка"" (ЗАО)",1998-01-01,2006-01-01,1994-01-04,2006-05-31,2006-05-31,,licence_revoked,economic,,"Вестник: liq_table,order",номер приказа об отзыве
2642,"ООО КБ ""Союзный банк развития""",1998-01-01,2004-03-01,1994-01-04,2002-04-02,2002-04-02,,licence_revoked,economic,,Вестник: liq_table,номер приказа об отзыве
2643,ИНВ.БАНК ПОДДЕРЖКИ ПРЕДПРИНИМАТЕЛЬСТВА,1998-01-01,2003-01-01,1994-01-04,1999-10-01,1999-10-01,,licence_revoked,economic,,Вестник: liq_table,номер приказа об отзыве
2644,"""БАНК ГОРОД"" (АО)",1998-06-01,2015-11-01,1994-01-06,2015-11-16,2015-11-16,,licence_revoked,economic,,Вестник: order,номер приказа об отзыве
2647,АО Банк Инноваций и Развития,1998-01-01,2018-12-01,1994-01-17,2018-11-07,,,licence_ended_kind_unknown,ended_kind_unknown,,справочник BNKSEEK: дата окончания лицензии,"вид прекращения: отзыв, аннулирование, присоединение или иное; дата и документ"
2649,"ООО КБ ""ПРЕОДОЛЕНИЕ""",1998-01-01,2017-12-01,1994-01-17,2017-12-22,,,licence_ended_kind_unknown,ended_kind_unknown,,справочник BNKSEEK: дата окончания лицензии,"вид прекращения: отзыв, аннулирование, присоединение или иное; дата и документ"
2651,"""ОАО - НСКБ ""Гарантия""",1998-01-01,2005-12-01,1994-01-19,2005-12-08,,,licence_ended_kind_unknown,ended_kind_unknown,,справочник BNKSEEK: дата окончания лицензии,"вид прекращения: отзыв, аннулирование, присоединение или иное; дата и документ"
2652,"ООО ""ПК-Банк""",1998-01-01,2014-12-01,1994-01-19,2014-12-19,2014-12-19,,licence_revoked,aml,,Вестник: order,номер приказа об отзыве
2653,"АКБ ""МИКОМС-Банк"" (ЗАО)",1998-01-01,2010-01-01,1994-01-19,2010-02-18,2010-02-18,,licence_revoked,economic,,Вестник: liq_table,номер приказа об отзыве
2654,"КБ ""Унифин"" АО",1998-06-01,2016-02-01,1994-01-20,2016-02-15,2016-02-15,,licence_revoked,economic,,Вестник: order,номер приказа об отзыве
2655,ООО ПИР Банк,1998-01-01,2018-10-01,1994-01-20,2018-10-12,2018-10-12,,licence_revoked,aml,,Вестник: order,номер приказа об отзыве
2657,"КБ ""Старый Кремль"" (ООО)",1998-01-01,2015-06-01,1994-01-21,2015-07-03,2015-07-03,,licence_revoked,aml,,"Вестник: liq_table,order",номер приказа об отзыве
2661,ТОРГОВО-ИНДУСТРИАЛЬНЫЙ БАНК,1998-10-01,2002-02-01,1994-01-24,1997-02-06,,,licence_ended_kind_unknown,ended_kind_unknown,,справочник BNKSEEK: дата окончания лицензии,"вид прекращения: отзыв, аннулирование, присоединение или иное; дата и документ"
2662,ВИШЕРА-БАНК,1998-06-01,2000-04-01,1994-01-25,1998-07-30,,,licence_ended_kind_unknown,ended_kind_unknown,,справочник BNKSEEK: дата окончания лицензии,"вид прекращения: отзыв, аннулирование, присоединение или иное; дата и документ"
2663,"ИНВЕСТИЦИОННЫЙ КОММЕРЧЕСКИЙ БАНК ""ТРАСТИНВЕСТБАНК"" (Товарищество с ограниченной ответственностью)",1998-01-01,2003-01-01,1994-01-25,1999-10-04,1999-10-04,,licence_revoked,other,,Вестник: liq_table,номер приказа об отзыве
2665,"АКБ ""Диамант""",1998-01-01,2004-04-01,1994-01-27,2001-06-15,2001-06-15,,licence_revoked,false_only,,Вестник: liq_table,номер приказа об отзыве
2668,"ЗАО КБ ""ЛАДА-КРЕДИТ""",1998-06-01,2015-10-01,1994-01-28,2015-10-16,2015-10-16,,licence_revoked,economic,,Вестник: order,номер приказа об отзыве
2670,"ООО КБ ""Центрально-Европейский Банк""",1998-01-01,2018-08-01,1994-01-28,2018-08-24,2018-08-24,,licence_revoked,other,,Вестник: order,номер приказа об отзыве
2672,"ООО КБ ""Еврокапитал-Альянс""",1998-01-01,2019-01-01,1994-01-28,2019-01-25,,,licence_ended_kind_unknown,ended_kind_unknown,,справочник BNKSEEK: дата окончания лицензии,"вид прекращения: отзыв, аннулирование, присоединение или иное; дата и документ"
2674,"КБ ""ЧНБ"" (ООО)",1998-01-01,2002-09-01,1994-01-31,2000-08-30,,,licence_ended_kind_unknown,ended_kind_unknown,,справочник BNKSEEK: дата окончания лицензии,"вид прекращения: отзыв, аннулирование, присоединение или иное; дата и документ"
2675,СЕВКАВНЕДРА,1998-01-01,2000-11-01,1994-01-31,1999-03-22,,,licence_ended_kind_unknown,ended_kind_unknown,,справочник BNKSEEK: дата окончания лицензии,"вид прекращения: отзыв, аннулирование, присоединение или иное; дата и документ"
2676,"""НКО ""Транштрейд"" ООО""",1998-01-01,2010-12-01,1994-01-31,2010-12-13,2010-12-13,,licence_revoked,aml,,Вестник: liq_table,номер приказа об отзыве
2677,РИТЦ Банк (ООО),1998-01-01,2017-05-01,1994-02-10,2017-05-29,2017-05-29,,licence_revoked,economic,,Вестник: order,номер приказа об отзыве
2678,АМУРЗОЛОТОБАНК,1998-01-01,2000-10-01,1994-02-11,1999-03-10,,,licence_ended_kind_unknown,ended_kind_unknown,,справочник BNKSEEK: дата окончания лицензии,"вид прекращения: отзыв, аннулирование, присоединение или иное; дата и документ"
2680,ПОРТ-ПЕТРОВСК,2003-04-01,2006-01-01,1994-02-11,1995-11-14,1995-11-14,02-307,licence_revoked,revoked_reason_unknown,,Вестник: liq_table,"причина отзыва: номер и дата приказа, основания (текст приказа или выпуск «Вестника Банка России»)"
2681,МАЛБАНК,2003-09-01,2005-07-01,1994-02-11,1995-11-03,1995-11-03,02-285,licence_revoked,revoked_reason_unknown,,Вестник: liq_table,"причина отзыва: номер и дата приказа, основания (текст приказа или выпуск «Вестника Банка России»)"
2685,"ОАО ""ИНКАСБАНК""",1998-01-01,2009-02-01,1994-02-11,2009-02-18,2009-02-19,,licence_revoked,economic,,Вестник: order,номер приказа об отзыве
2686,"Банк ""Русский Банкирский Дом"" (ЗАО)",1998-01-01,2008-09-01,1994-02-11,2008-10-22,2008-10-23,,licence_revoked,economic,,Вестник: order,номер приказа об отзыве
2688,"НКО ""Транзит"" ООО",1998-01-01,2016-09-01,1994-02-14,2016-09-07,2016-09-07,,licence_revoked,other,,"Вестник: liq_table,order",номер приказа об отзыве
2689,"ЗАО КБ ""Форбанк-СПБ""",1998-01-01,2003-11-01,1994-02-14,2001-12-25,2001-12-25,,licence_revoked,economic,,Вестник: liq_table,номер приказа об отзыве
2691,ЛЕЙСБАНК,1998-01-01,2003-10-01,1994-02-14,1996-11-18,1996-11-18,,licence_revoked,revoked_reason_unknown,,Вестник: liq_table,"причина отзыва: номер и дата приказа, основания (текст приказа или выпуск «Вестника Банка России»); номер приказа об отзыве"
2692,ИНТЕРГЛОБ,1998-01-01,2003-07-01,1994-02-14,2000-03-24,2000-03-24,,licence_revoked,economic,,Вестник: liq_table,номер приказа об отзыве
2696,"АКБ ""ИНКАРОБАНК"" (АО)",1998-01-01,2018-10-01,1994-02-15,2018-10-31,2018-10-31,,licence_revoked,economic,,справочник/реестр ЦБ | причина по сообщению Банка России об отзыве (поиск 05.10.2026),номер приказа об отзыве
2697,"АКБ ""Московский Вексельный Банк"" (АО)",1998-01-01,2018-08-01,1994-02-16,2018-08-17,2018-08-17,,licence_revoked,other,,Вестник: order,номер приказа об отзыве
2698,ООО ЯНСКБ,1998-06-01,2004-08-01,1994-02-18,1998-07-24,1998-07-24,,licence_revoked,revoked_reason_unknown,,Вестник: liq_table,"причина отзыва: номер и дата приказа, основания (текст приказа или выпуск «Вестника Банка России»); номер приказа об отзыве"
2699,"АКБ ""ЛИНК-банк"" (ОАО)",1998-01-01,2014-02-01,1994-02-18,2014-02-11,2014-02-11,,licence_revoked,other,,Вестник: order,номер приказа об отзыве
2700,КРЕДИТ СИНТЕЗ БАНК (КБС),1998-01-01,2005-01-01,1994-02-18,1998-06-17,1998-06-17,ОД-286,licence_revoked,revoked_reason_unknown,,Вестник: liq_table,"причина отзыва: номер и дата приказа, основания (текст приказа или выпуск «Вестника Банка России»)"
2701,"АКБ ""РБИО"" (ОАО)",1998-06-01,2006-01-01,1994-02-18,2006-09-20,2006-09-20,,licence_revoked,aml,,"Вестник: liq_table,order",номер приказа об отзыве
2703,"КБ ""Прометей"" ООО",1998-01-01,2002-12-01,1994-02-18,2000-08-30,,,licence_ended_kind_unknown,ended_kind_unknown,,справочник BNKSEEK: дата окончания лицензии,"вид прекращения: отзыв, аннулирование, присоединение или иное; дата и документ"
2704,"КБ ""Международный Банк Развития"" (АО)",1998-01-01,2016-12-01,1994-02-21,2016-12-09,2016-12-09,,licence_revoked,economic,,Вестник: order,номер приказа об отзыве
2705,"ПАО ""ИнтехБанк""",1998-06-01,2017-02-01,1994-02-21,2017-03-03,2017-03-03,,licence_revoked,economic,,Вестник: order,номер приказа об отзыве
2706,"ООО КБ ""Интеркапитал-Банк""",1998-01-01,2015-01-01,1994-02-21,2015-01-20,2015-01-20,,licence_revoked,aml,,Вестник: order,номер приказа об отзыве
2708,ОСЕТИЯ,1998-10-01,2000-07-01,1994-02-21,1997-03-28,,,licence_ended_kind_unknown,ended_kind_unknown,,справочник BNKSEEK: дата окончания лицензии,"вид прекращения: отзыв, аннулирование, присоединение или иное; дата и документ"
2710,ИНТЕРТЭКБАНК,1998-01-01,2001-12-01,1994-02-21,1999-03-22,,,licence_ended_kind_unknown,ended_kind_unknown,,справочник BNKSEEK: дата окончания лицензии,"вид прекращения: отзыв, аннулирование, присоединение или иное; дата и документ"
2711,"АО ""Гринфилдбанк""",1998-01-01,2015-10-01,1994-02-24,2015-10-23,2015-10-23,,licence_revoked,economic,,Вестник: order,номер приказа об отзыве
2712,"АО ""ТУСАРБАНК""",1998-01-01,2015-09-01,1994-02-24,2015-09-18,2015-09-18,,licence_revoked,economic,,Вестник: order,номер приказа об отзыве
2716,МАЙКОПСКИЙ КОММ.ГОРОДСКОЙ БАНКМГБ,1998-01-01,2000-08-01,1994-02-25,1998-03-25,,,licence_ended_kind_unknown,ended_kind_unknown,,справочник BNKSEEK: дата окончания лицензии,"вид прекращения: отзыв, аннулирование, присоединение или иное; дата и документ"
2717,"АБ ""РИНК-БАНК"" ОАО",1998-01-01,2006-12-01,1994-02-24,2006-12-26,2006-12-26,,licence_revoked,aml,,"Вестник: liq_table,order",номер приказа об отзыве
2718,РУССКИЙ КАПИТАЛ,1998-01-01,2004-09-01,1994-02-25,1998-04-08,1998-04-08,ОД-150,licence_revoked,revoked_reason_unknown,,Вестник: liq_table,"причина отзыва: номер и дата приказа, основания (текст приказа или выпуск «Вестника Банка России»)"
2719,ПЕНЗЕНСКИЙ СОЦКОМБАНК,1998-06-01,2002-06-01,1994-02-25,1998-12-21,,,licence_ended_kind_unknown,ended_kind_unknown,,справочник BNKSEEK: дата окончания лицензии,"вид прекращения: отзыв, аннулирование, присоединение или иное; дата и документ"
2720,"АБ ""СНБ"" (ЗАО)",1998-06-01,2008-11-01,1994-02-25,2008-12-18,2008-12-18,,licence_revoked,economic,,"Вестник: liq_table,order",номер приказа об отзыве
2725,УРЕНГОЙБАНК,1998-06-01,2002-05-01,1994-03-01,1999-03-10,,,licence_ended_kind_unknown,ended_kind_unknown,,справочник BNKSEEK: дата окончания лицензии,"вид прекращения: отзыв, аннулирование, присоединение или иное; дата и документ"
2727,КАСКАД-БАНК,2001-02-01,2003-06-01,1994-03-04,1998-01-22,,,licence_ended_kind_unknown,ended_kind_unknown,,справочник BNKSEEK: дата окончания лицензии,"вид прекращения: отзыв, аннулирование, присоединение или иное; дата и документ"
2728,"АО ""Промэнергобанк""",1998-06-01,2016-08-01,1994-03-04,2016-08-05,2016-08-05,,licence_revoked,other,,Вестник: order,номер приказа об отзыве
2729,"ООО КБ ""Развитие""",1998-01-01,2016-11-01,1994-03-04,2016-10-10,2016-10-10,,licence_revoked,other,,Вестник: order,номер приказа об отзыве
2731,"АО ""ВостСибтранскомбанк""",1998-01-01,2018-10-01,1994-03-04,2018-10-19,2018-10-19,,licence_revoked,economic,,справочник/реестр ЦБ | причина по сообщению Банка России об отзыве (поиск 05.10.2026),номер приказа об отзыве
2732,ЗОЛОТОСТАРБАНК СТАРАТЕЛЬСКИЙ,1998-06-01,2001-12-01,1994-03-04,1998-02-26,,,licence_ended_kind_unknown,ended_kind_unknown,,справочник BNKSEEK: дата окончания лицензии,"вид прекращения: отзыв, аннулирование, присоединение или иное; дата и документ"
2734,"ООО КБ ""ОПМ-Банк""",1998-01-01,2015-06-01,1994-03-04,2015-06-01,2015-06-01,,licence_revoked,false_only,,Вестник: order,номер приказа об отзыве
2735,ЮРИДИЧЕСКИЙ КОММЕРЧЕСКИЙ БАНК,2002-10-01,2003-09-01,1994-03-05,1995-10-30,1995-10-30,,licence_revoked,revoked_reason_unknown,,Вестник: liq_table,"причина отзыва: номер и дата приказа, основания (текст приказа или выпуск «Вестника Банка России»); номер приказа об отзыве"
2737,КРЕДИТ ФД,1998-01-01,1999-08-01,1994-03-05,1999-08-23,,,licence_ended_kind_unknown,ended_kind_unknown,,справочник BNKSEEK: дата окончания лицензии,"вид прекращения: отзыв, аннулирование, присоединение или иное; дата и документ"
2739,АЛЬФА-БАНК-НОВОСИБИРСК,1998-01-01,2000-04-01,1994-03-05,2000-04-17,,,licence_ended_kind_unknown,ended_kind_unknown,,справочник BNKSEEK: дата окончания лицензии,"вид прекращения: отзыв, аннулирование, присоединение или иное; дата и документ"
2740,АКОМБАНК,2001-11-01,2002-12-01,1994-03-05,1995-11-27,,,licence_ended_kind_unknown,ended_kind_unknown,,справочник BNKSEEK: дата окончания лицензии,"вид прекращения: отзыв, аннулирование, присоединение или иное; дата и документ"
2741,"КБ ""Траст Капитал Банк"" АО",1998-01-01,2015-05-01,1994-03-05,2015-05-13,2015-05-13,,licence_revoked,aml,,"Вестник: liq_table,order",номер приказа об отзыве
2742,"""МИ-БАНК"" (ОАО)",1998-01-01,2012-04-01,1994-03-05,2012-04-05,,,licence_ended_kind_unknown,ended_kind_unknown,,справочник BNKSEEK: дата окончания лицензии,"вид прекращения: отзыв, аннулирование, присоединение или иное; дата и документ"
2743,"ООО КБ ""Инстройбанк""",1998-01-01,2013-08-01,1994-03-05,2013-08-22,,,licence_ended_kind_unknown,ended_kind_unknown,,справочник BNKSEEK: дата окончания лицензии,"вид прекращения: отзыв, аннулирование, присоединение или иное; дата и документ"
2746,"АКБ ""КОДЕКС"" (ОАО)",1998-01-01,2011-09-01,1994-03-15,2011-09-30,2011-09-30,,licence_revoked,economic,,Вестник: liq_table,номер приказа об отзыве
2747,"""РГТ-Банк"" (ЗАО)",1998-01-01,2010-12-01,1994-03-15,2010-12-20,,,licence_ended_kind_unknown,ended_kind_unknown,,справочник BNKSEEK: дата окончания лицензии,"вид прекращения: отзыв, аннулирование, присоединение или иное; дата и документ"
2749,"ООО РНКО ""РИБ""",1998-01-01,2021-04-01,1994-03-15,2021-04-02,2021-04-02,,licence_revoked,aml,,Вестник: press | причина по сообщению Банка России об отзыве (поиск 05.10.2026),номер приказа об отзыве
2750,"ОАО АКБ ""Град-Банк""",1998-06-01,2009-07-01,1994-03-15,2009-08-19,2009-08-19,,licence_revoked,economic,,"Вестник: liq_table,order",номер приказа об отзыве
2752,РОССОЦБАНК,2002-12-01,2004-01-01,1994-03-17,1997-10-06,1997-10-06,,licence_revoked,revoked_reason_unknown,,Вестник: liq_table,"причина отзыва: номер и дата приказа, основания (текст приказа или выпуск «Вестника Банка России»); номер приказа об отзыве"
2753,УРАЛ-ИНВЕСТБАНК,1998-01-01,2004-05-01,1994-03-18,1996-08-09,1996-08-09,,licence_revoked,revoked_reason_unknown,,Вестник: liq_table,"причина отзыва: номер и дата приказа, основания (текст приказа или выпуск «Вестника Банка России»); номер приказа об отзыве"
2756,"АО ""Тексбанк""",1998-01-01,2021-05-01,1994-03-18,2021-05-14,,,licence_ended_kind_unknown,ended_kind_unknown,,справочник BNKSEEK: дата окончания лицензии,"вид прекращения: отзыв, аннулирование, присоединение или иное; дата и документ"
2757,Р.О.С.ТРАНСБАНК,1998-06-01,2001-07-01,1994-03-18,1998-09-28,,,licence_ended_kind_unknown,ended_kind_unknown,,справочник BNKSEEK: дата окончания лицензии,"вид прекращения: отзыв, аннулирование, присоединение или иное; дата и документ"
2758,"Банк ""Прайм Финанс"" (АО)",1998-01-01,2019-06-01,1994-03-18,2019-06-06,2019-06-06,,licence_revoked,economic,,"Вестник: order,press",номер приказа об отзыве
2759,ЭЛАТОН-БАНК,2001-01-01,2002-05-01,1994-03-18,1997-07-24,,,licence_ended_kind_unknown,ended_kind_unknown,,справочник BNKSEEK: дата окончания лицензии,"вид прекращения: отзыв, аннулирование, присоединение или иное; дата и документ"
2762,"АКБ ""Малахит""",1998-01-01,2002-10-01,1994-03-22,1997-04-07,,,licence_ended_kind_unknown,ended_kind_unknown,,справочник BNKSEEK: дата окончания лицензии,"вид прекращения: отзыв, аннулирование, присоединение или иное; дата и документ"
2764,"АО ""ТЭМБР-БАНК""",1998-01-01,2020-10-01,1994-03-28,2020-10-02,2020-10-02,,licence_revoked,other,,Вестник: press | причина по сообщению Банка России об отзыве (поиск 05.10.2026),номер приказа об отзыве
2765,"ЗАО ""ЭКОНАЦБАНК""",1998-01-01,2008-10-01,1994-03-28,2008-11-11,2008-11-11,,licence_revoked,economic,,"Вестник: liq_table,order",номер приказа об отзыве
2767,"ООО КБ ""РОСАВТОБАНК""",1998-01-01,2016-03-01,1994-03-28,2016-03-04,2016-03-04,,licence_revoked,economic,,Вестник: order,номер приказа об отзыве
2768,"АКБ ""СВА"" (АО)",1998-01-01,2017-08-01,1994-03-31,2017-08-21,2017-08-21,,licence_revoked,other,,Вестник: order,номер приказа об отзыве
2769,"АО КБ ""Жилстройбанк""",1998-01-01,2019-02-01,1994-03-31,2019-03-01,,,licence_ended_kind_unknown,ended_kind_unknown,,справочник BNKSEEK: дата окончания лицензии,"вид прекращения: отзыв, аннулирование, присоединение или иное; дата и документ"
2770,"ЗАО ""БРИ""",1998-06-01,2006-01-01,1994-03-31,2007-03-28,2007-03-28,,licence_revoked,other,,"Вестник: liq_table,order",номер приказа об отзыве
2773,ОСТАНКИНО,2002-12-01,2004-10-01,1994-04-05,1996-12-06,1996-12-06,02-438,licence_revoked,revoked_reason_unknown,,Вестник: liq_table,"причина отзыва: номер и дата приказа, основания (текст приказа или выпуск «Вестника Банка России»)"
2774,ЯУЗА-БАНК,2004-01-01,2004-10-01,1994-04-05,1996-05-07,1996-05-07,02-118,licence_revoked,revoked_reason_unknown,,Вестник: liq_table,"причина отзыва: номер и дата приказа, основания (текст приказа или выпуск «Вестника Банка России»)"
2777,"АКБ ""Кредитресурс""",1998-01-01,2002-12-01,1994-04-05,2000-03-24,,,licence_ended_kind_unknown,ended_kind_unknown,,справочник BNKSEEK: дата окончания лицензии,"вид прекращения: отзыв, аннулирование, присоединение или иное; дата и документ"
2778,ДАГИМЕДЖБАНК,2001-07-01,2006-01-01,1994-04-05,1995-11-02,1995-11-02,02-246,licence_revoked,revoked_reason_unknown,,Вестник: liq_table,"причина отзыва: номер и дата приказа, основания (текст приказа или выпуск «Вестника Банка России»)"
2779,"КБ ""Арт-Банк"" (ООО)",1998-01-01,2014-08-01,1994-04-06,2014-08-18,2014-08-18,,licence_revoked,economic,,Вестник: order,номер приказа об отзыве
2780,"ООО КБ ""ТРАСТОВЫЙ БАНК""",1998-01-01,2012-12-01,1994-04-06,2012-12-07,2012-12-07,,licence_revoked,aml,,Вестник: liq_table,номер приказа об отзыве
2781,"КБ ""Легабанк""",1998-01-01,2002-12-01,1994-04-06,1999-03-10,,,licence_ended_kind_unknown,ended_kind_unknown,,справочник BNKSEEK: дата окончания лицензии,"вид прекращения: отзыв, аннулирование, присоединение или иное; дата и документ"
2782,"ПАО АКБ ""РБР""",1998-01-01,2015-11-01,1994-04-06,2015-11-10,2015-11-10,,licence_revoked,economic,,Вестник: order,номер приказа об отзыве
2783,"Инвестиционный банк ""ТРАСТ"" (ОАО)",1998-01-01,2008-11-01,1994-04-06,2008-11-07,,,licence_ended_kind_unknown,ended_kind_unknown,,справочник BNKSEEK: дата окончания лицензии,"вид прекращения: отзыв, аннулирование, присоединение или иное; дата и документ"
2785,"АКБ ""АГРОТЕХПРОМБАНК""",1998-06-01,2003-06-01,1994-04-07,1999-04-08,,,licence_ended_kind_unknown,ended_kind_unknown,,справочник BNKSEEK: дата окончания лицензии,"вид прекращения: отзыв, аннулирование, присоединение или иное; дата и документ"
2788,"ЗАО АКБ ""МИБ""",1998-01-01,2009-11-01,1994-04-13,2009-11-18,2009-11-18,,licence_revoked,economic,,"Вестник: liq_table,order",номер приказа об отзыве
2792,"""Федеральный банк развития"" (ОАО)",1998-01-01,2006-01-01,1994-04-18,2006-07-14,2006-07-14,,licence_revoked,aml,,"Вестник: liq_table,order",номер приказа об отзыве
2793,"ОАО ""РУСИЧ ЦЕНТР БАНК""",1998-06-01,2011-07-01,1994-04-19,2011-07-13,,,licence_ended_kind_unknown,ended_kind_unknown,,справочник BNKSEEK: дата окончания лицензии,"вид прекращения: отзыв, аннулирование, присоединение или иное; дата и документ"
2794,"ЗАО ""ИпоТек Банк""",1998-06-01,2015-04-01,1994-04-19,2015-04-13,2015-04-13,,licence_revoked,other,,Вестник: order,номер приказа об отзыве
2795,"ОАО ""НББ""",1998-01-01,2014-04-01,1994-04-19,2014-04-24,2014-04-24,,licence_revoked,other,,Вестник: order,номер приказа об отзыве
2797,"ОАО ""СТБ""",1998-01-01,2011-06-01,1994-04-19,2011-06-03,,,licence_ended_kind_unknown,ended_kind_unknown,,справочник BNKSEEK: дата окончания лицензии,"вид прекращения: отзыв, аннулирование, присоединение или иное; дата и документ"
2798,Банк Экономический Союз (АО),1998-01-01,2017-03-01,1994-04-19,2017-03-13,2017-03-13,,licence_revoked,economic,,Вестник: order,номер приказа об отзыве
2800,"ЗАО ""НОВА Банк""",1998-06-01,2006-01-01,1994-04-19,2006-01-18,,,licence_ended_kind_unknown,ended_kind_unknown,,справочник BNKSEEK: дата окончания лицензии,"вид прекращения: отзыв, аннулирование, присоединение или иное; дата и документ"
2801,"АКБ ""СТРАТЕГИЯ"" (ПАО)",1998-01-01,2016-07-01,1994-04-22,2016-07-21,2016-07-21,,licence_revoked,economic,,Вестник: order,номер приказа об отзыве
2803,"АКБ ""ИНТЕРКООПБАНК"" (АО)",1998-06-01,2017-05-01,1994-04-22,2017-05-15,2017-05-15,,licence_revoked,aml,,Вестник: order,номер приказа об отзыве
2804,АГРОУНИВЕРСАЛБАНК,2004-01-01,2005-02-01,1994-04-22,1996-01-03,1996-01-03,02-4,licence_revoked,revoked_reason_unknown,,Вестник: liq_table,"причина отзыва: номер и дата приказа, основания (текст приказа или выпуск «Вестника Банка России»)"
2808,МЕТАЛЛХИМБАНК,2001-05-01,2004-06-01,1994-04-28,1999-07-29,1999-07-29,,licence_revoked,revoked_reason_unknown,,Вестник: liq_table,"причина отзыва: номер и дата приказа, основания (текст приказа или выпуск «Вестника Банка России»); номер приказа об отзыве"
2809,"(ООО) КБ ""НЕОПОЛИС-БАНК""",1998-01-01,2011-03-01,1994-04-28,2011-03-23,2011-03-23,,licence_revoked,economic,,Вестник: liq_table,номер приказа об отзыве
2810,"ОАО АКБ ""Русский земельный банк""",1998-06-01,2014-03-01,1994-04-29,2014-03-18,2014-03-18,,licence_revoked,aml,,Вестник: order | причина по сообщению Банка России об отзыве (поиск 05.10.2026),номер приказа об отзыве
2813,"АО КБ ""РУБанк""",1998-01-01,2016-08-01,1994-04-29,2016-08-22,2016-08-22,,licence_revoked,economic,,Вестник: order,номер приказа об отзыве
2817,"АКБ ""НОРД ПИЛИГРИМ""",2005-08-01,2006-01-01,1994-05-10,1997-10-24,1997-10-24,02-467,licence_revoked,revoked_reason_unknown,,Вестник: liq_table,"причина отзыва: номер и дата приказа, основания (текст приказа или выпуск «Вестника Банка России»)"
2819,"КБ ""Миссион-банк"" (ООО)",1998-01-01,2003-09-01,1994-05-10,1999-11-17,1999-11-17,,licence_revoked,economic,,Вестник: liq_table,номер приказа об отзыве
2820,"ООО ""АМТ БАНК""",1998-06-01,2011-07-01,1994-05-10,2011-07-20,2011-07-20,,licence_revoked,false_only,,справочник/реестр ЦБ,номер приказа об отзыве
2823,"ООО ""Торгово-инвестиционный Банк""",1998-01-01,2006-01-01,1994-05-10,2006-09-27,2006-09-27,,licence_revoked,aml,,"Вестник: liq_table,order",номер приказа об отзыве
2824,ФИНЭКС,2001-01-01,2002-05-01,1994-05-10,1997-02-06,,,licence_ended_kind_unknown,ended_kind_unknown,,справочник BNKSEEK: дата окончания лицензии,"вид прекращения: отзыв, аннулирование, присоединение или иное; дата и документ"
2825,ПАРИ-БАНК,1998-01-01,1999-12-01,1994-05-10,1998-04-22,,,licence_ended_kind_unknown,ended_kind_unknown,,справочник BNKSEEK: дата окончания лицензии,"вид прекращения: отзыв, аннулирование, присоединение или иное; дата и документ"
2833,"ЗАО ""ТАСКБАНК""",1998-01-01,2007-05-01,1994-05-11,2007-05-17,2007-05-17,,licence_revoked,aml,,Вестник: liq_table,номер приказа об отзыве
2835,ИННОВАЦИОННО-ПРОМЫШЛЕННЫЙ,1998-01-01,2006-01-01,1994-05-12,1998-09-11,1998-09-11,ОД-439,licence_revoked,revoked_reason_unknown,,Вестник: liq_table,"причина отзыва: номер и дата приказа, основания (текст приказа или выпуск «Вестника Банка России»)"
2836,"АБ ""БРП"" (ОАО)",1998-06-01,2006-01-01,1994-05-16,2013-03-22,2013-03-22,,licence_revoked,other,,Вестник: liq_table,номер приказа об отзыве
2837,"ООО КБ ""Холдинвестбанк""",1998-01-01,2019-04-01,1994-05-16,2019-04-26,2019-04-26,,licence_revoked,aml,,"Вестник: order,press",номер приказа об отзыве
2839,"МКБ ""Евразия-Центр"" (ЗАО)",1998-01-01,2008-09-01,1994-05-16,2008-10-09,2008-10-10,,licence_revoked,economic,,"Вестник: liq_table,order",номер приказа об отзыве
2840,ООО КСКБ,1998-01-01,2006-03-01,1994-05-16,2006-04-04,2006-04-05,,licence_revoked,aml,,"Вестник: liq_table,order",номер приказа об отзыве
2841,"ЗАО УАКБ ""МИРКОМБАНК""",1998-06-01,2006-01-01,1994-05-16,2006-02-08,2006-02-09,,licence_revoked,aml,,"Вестник: liq_table,order",номер приказа об отзыве
2842,"КБ ""РТБК"" (ООО)",1998-01-01,2018-04-01,1994-05-16,2018-04-20,2018-04-20,,licence_revoked,other,,справочник/реестр ЦБ | причина по сообщению Банка России об отзыве (поиск 05.10.2026),номер приказа об отзыве
2843,"КБ ""КИП-БАНК"" (ООО)",1998-01-01,2014-08-01,1994-05-16,2014-08-08,2014-08-08,,licence_revoked,aml,,"Вестник: liq_table,order",номер приказа об отзыве
2844,"ОАО ""ВЕКОМБАНК""",1998-01-01,2009-08-01,1994-05-16,2009-09-02,2009-09-02,,licence_revoked,economic,,"Вестник: liq_table,order",номер приказа об отзыве
2848,"КБ ""ЮНИТБАНК"" (ЗАО)",1998-06-01,2008-09-01,1994-05-17,2008-10-15,2008-10-15,,licence_revoked,economic,,"Вестник: liq_table,order",номер приказа об отзыве
2849,"АКБ ""КРОССИНВЕСТБАНК"" (ОАО)",1998-01-01,2016-04-01,1994-05-17,2016-04-11,2016-04-11,,licence_revoked,aml,,Вестник: order,номер приказа об отзыве
2850,ДИРЕКТ-БАНК,2004-11-01,2005-11-01,1994-05-17,1996-09-05,1996-09-05,02-330,licence_revoked,revoked_reason_unknown,,Вестник: liq_table,"причина отзыва: номер и дата приказа, основания (текст приказа или выпуск «Вестника Банка России»)"
2851,К2 Банк (АО),1998-01-01,2018-08-01,1994-05-17,2018-08-31,2018-08-31,,licence_revoked,other,,Вестник: order,номер приказа об отзыве
2852,ОТЕЧЕСТВО КРЕДИТ,1998-01-01,1999-04-01,1994-05-17,1995-11-14,,,licence_ended_kind_unknown,ended_kind_unknown,,справочник BNKSEEK: дата окончания лицензии,"вид прекращения: отзыв, аннулирование, присоединение или иное; дата и документ"
2854,ЭДЕЛЬВЕЙС-КРЕДИТ,2001-04-01,2005-05-01,1994-05-17,1998-04-15,1998-04-15,ОД-193,licence_revoked,revoked_reason_unknown,,Вестник: liq_table,"причина отзыва: номер и дата приказа, основания (текст приказа или выпуск «Вестника Банка России»)"
2855,"""РБ""",2005-06-01,2006-01-01,1994-05-17,1996-10-14,1996-10-14,02-391,licence_revoked,revoked_reason_unknown,,Вестник: liq_table,"причина отзыва: номер и дата приказа, основания (текст приказа или выпуск «Вестника Банка России»)"
2856,"ООО КБ ""ЭРГОБАНК""",1998-01-01,2016-01-01,1994-05-17,2016-01-15,2016-01-15,,licence_revoked,economic,,Вестник: order,номер приказа об отзыве
2857,"ООО КБ ""Контраст-банк""",1998-01-01,2013-11-01,1994-05-20,2013-11-29,,,licence_ended_kind_unknown,ended_kind_unknown,,справочник BNKSEEK: дата окончания лицензии,"вид прекращения: отзыв, аннулирование, присоединение или иное; дата и документ"
2858,"АКБ ""ПАМБ""",1998-06-01,2004-01-01,1994-05-20,2001-08-16,2001-08-16,,licence_revoked,economic,,Вестник: liq_table,номер приказа об отзыве
2859,"КБ ""НЕФТЯНОЙ АЛЬЯНС"" (ПАО)",1998-01-01,2017-03-01,1994-05-23,2017-03-14,2017-03-14,,licence_revoked,economic,,Вестник: order,номер приказа об отзыве
2861,ПИРАНЬЯ,2003-04-01,2006-01-01,1994-05-25,1998-04-01,1998-04-01,ОД-140,licence_revoked,revoked_reason_unknown,,Вестник: liq_table,"причина отзыва: номер и дата приказа, основания (текст приказа или выпуск «Вестника Банка России»)"
2862,"ООО ""БИЗНЕСБАНК""",1998-01-01,2013-09-01,1994-05-25,2013-09-19,,,licence_ended_kind_unknown,ended_kind_unknown,,справочник BNKSEEK: дата окончания лицензии,"вид прекращения: отзыв, аннулирование, присоединение или иное; дата и документ"
2863,"ОАО КБ ""МВКБ""",1998-01-01,2016-03-01,1994-05-25,2016-03-28,2016-03-28,,licence_revoked,economic,,Вестник: order,номер приказа об отзыве
2864,Банк МФК (ЗАО),1998-01-01,2004-09-01,1994-05-25,2003-02-27,2003-02-27,,licence_revoked,revoked_reason_unknown,,Вестник: liq_table,"причина отзыва: номер и дата приказа, основания (текст приказа или выпуск «Вестника Банка России»); номер приказа об отзыве"
2865,АКБ НМБ ОАО,1998-01-01,2013-12-01,1994-05-31,2014-01-09,,,licence_ended_kind_unknown,ended_kind_unknown,,справочник BNKSEEK: дата окончания лицензии,"вид прекращения: отзыв, аннулирование, присоединение или иное; дата и документ"
2866,"РНКО ""МГБ"" ООО",1998-01-01,2015-08-01,1994-06-01,2015-08-21,2015-08-21,,licence_revoked,aml,,"Вестник: liq_table,order",номер приказа об отзыве
2869,РУССКИЙ УНИВЕРСАЛЬНЫЙ ИНВЕСТИЦИОННЫЙ,1998-01-01,2002-05-01,1994-06-03,1999-11-26,,,licence_ended_kind_unknown,ended_kind_unknown,,справочник BNKSEEK: дата окончания лицензии,"вид прекращения: отзыв, аннулирование, присоединение или иное; дата и документ"
2870,"Банк ""Поволжское ОВК"" ОАО",1998-01-01,2007-10-01,1994-06-08,2007-11-08,2007-11-08,,licence_revoked,revoked_reason_unknown,,Вестник: liq_table,"причина отзыва: номер и дата приказа, основания (текст приказа или выпуск «Вестника Банка России»); номер приказа об отзыве"
2872,"ООО КБ ""ИФКО-БАНК""",1998-01-01,2006-05-01,1994-06-09,2006-06-15,2006-06-15,,licence_revoked,aml,,Вестник: liq_table,номер приказа об отзыве
2874,"ОАО КБ ""Вымпел""",1998-06-01,2009-08-01,1994-06-09,2009-08-26,2009-08-26,,licence_revoked,economic,,"Вестник: liq_table,order",номер приказа об отзыве
2875,"КБ ""Геос""",1998-01-01,2002-12-01,1994-06-09,1998-07-01,1998-07-01,,licence_revoked,revoked_reason_unknown,,Вестник: liq_table,"причина отзыва: номер и дата приказа, основания (текст приказа или выпуск «Вестника Банка России»); номер приказа об отзыве"
2882,ИЖМАШБАНК,1998-01-01,2002-11-01,1994-06-10,1999-03-10,,,licence_ended_kind_unknown,ended_kind_unknown,,справочник BNKSEEK: дата окончания лицензии,"вид прекращения: отзыв, аннулирование, присоединение или иное; дата и документ"
2885,ОПТИМИСТ,2001-06-01,2002-08-01,1994-06-10,1997-07-21,1997-07-21,,licence_revoked,revoked_reason_unknown,,Вестник: liq_table,"причина отзыва: номер и дата приказа, основания (текст приказа или выпуск «Вестника Банка России»); номер приказа об отзыве"
2889,УСПЕХ,2001-06-01,2002-08-01,1994-06-10,1995-11-02,1995-11-02,,licence_revoked,revoked_reason_unknown,,Вестник: liq_table,"причина отзыва: номер и дата приказа, основания (текст приказа или выпуск «Вестника Банка России»); номер приказа об отзыве"
2890,"КБ ""ВИТЯЗЬ"" - (ООО)",1998-01-01,2015-11-01,1994-06-10,2015-11-16,2015-11-16,,licence_revoked,economic,,Вестник: order,номер приказа об отзыве
2891,"АКБ ""Кредитсоюзкомбанк"" (ЗАО)",1998-01-01,2008-04-01,1994-06-10,2008-05-21,2008-05-21,,licence_revoked,aml,,"Вестник: liq_table,order",номер приказа об отзыве
2892,"ЯАКИКБ ""Воскресение""",1998-01-01,2003-02-01,1994-06-10,1999-02-02,1999-02-02,,licence_revoked,economic,,Вестник: liq_table,номер приказа об отзыве
2893,"КБ ""Интелфинанс"" (ООО)",1998-01-01,2006-01-01,1994-06-10,2008-01-16,2008-01-16,,licence_revoked,other,,"Вестник: liq_table,order",номер приказа об отзыве
2895,"ООО ""ТИКБ""",1998-06-01,2003-03-01,1994-06-10,2002-01-14,2002-01-14,,licence_revoked,economic,,Вестник: liq_table,номер приказа об отзыве
2896,"ПАО АКБ ""1Банк""",1998-01-01,2016-03-01,1994-06-10,2016-03-17,2016-03-17,,licence_revoked,other,,Вестник: order,номер приказа об отзыве
2897,"ООО КБ ""Евроазиатский Инвестиционный Банк""",1998-06-01,2020-12-01,1994-06-10,2020-12-04,2020-12-04,,licence_revoked,other,,"Вестник: order,press",номер приказа об отзыве
2898,"КБ ""Кубанский универсальный банк"" (ООО)",1998-01-01,2016-11-01,1994-06-10,2016-10-27,2016-10-27,,licence_revoked,other,,Вестник: order,номер приказа об отзыве
2901,"ОАО Инвестбанк ""ОТКРЫТИЕ""",1998-01-01,2010-09-01,1994-06-17,2010-09-27,,,licence_ended_kind_unknown,ended_kind_unknown,,справочник BNKSEEK: дата окончания лицензии,"вид прекращения: отзыв, аннулирование, присоединение или иное; дата и документ"
2902,"АКБ ""ЕВРОМЕТ"" (ПАО)",1998-01-01,2015-08-01,1994-06-17,2015-08-27,2015-08-27,,licence_revoked,economic,,Вестник: order,номер приказа об отзыве
2903,"ОАО АКБ ""Универсальный кредит""",1998-01-01,2014-10-01,1994-06-21,2014-10-09,2014-10-09,,licence_revoked,economic,,Вестник: order,номер приказа об отзыве
2904,"АКБ ""СИБМАШНЕФТЕБАНК""",2002-11-01,2003-09-01,1994-06-21,1998-06-04,1998-06-04,,licence_revoked,revoked_reason_unknown,,Вестник: liq_table,"причина отзыва: номер и дата приказа, основания (текст приказа или выпуск «Вестника Банка России»); номер приказа об отзыве"
2906,"АКБ ""Ярослав"" (ЗАО)",1998-01-01,2007-06-01,1994-06-21,2007-07-09,2007-07-09,,licence_revoked,aml,,"Вестник: liq_table,order",номер приказа об отзыве
2908,"АКБ ""Медпроминвестбанк"" (ОАО)",1998-01-01,2008-06-01,1994-06-21,2008-07-02,2008-07-03,,licence_revoked,false_only,,"Вестник: liq_table,order",номер приказа об отзыве
2909,ВОСТОЧНО-ЕВРОПЕЙСКИЙ ПРОМЫШЛЕННЫЙ,1998-01-01,2002-05-01,1994-06-21,1999-06-30,,,licence_ended_kind_unknown,ended_kind_unknown,,справочник BNKSEEK: дата окончания лицензии,"вид прекращения: отзыв, аннулирование, присоединение или иное; дата и документ"
2912,"""ИХБ"" ОАО",1998-01-01,2006-01-01,1994-06-21,2005-11-11,2005-11-11,ОД-640,licence_revoked,revoked_reason_unknown,,Вестник: liq_table,"причина отзыва: номер и дата приказа, основания (текст приказа или выпуск «Вестника Банка России»)"
2913,"""НОТА-Банк"" (ПАО)",1998-06-01,2015-11-01,1994-06-22,2015-11-24,2015-11-24,,licence_revoked,economic,,Вестник: order,номер приказа об отзыве
2916,"КБ ""Союзавиакосмос""",1998-01-01,2003-09-01,1994-06-23,1999-11-16,1999-11-16,,licence_revoked,economic,,Вестник: liq_table,номер приказа об отзыве
2917,"КБ ""СОЦЭКОНОМБАНК"" ООО",1998-01-01,2010-11-01,1994-06-24,2010-11-23,2010-11-23,,licence_revoked,economic,,Вестник: liq_table,номер приказа об отзыве
2919,"АО АКБ ""ГАЗСТРОЙБАНК""",1998-01-01,2016-08-01,1994-06-24,2016-08-12,2016-08-12,,licence_revoked,other,,Вестник: order,номер приказа об отзыве
2920,ИНТЕРДАГ,2001-07-01,2004-12-01,1994-06-24,1995-11-02,1995-11-02,02-259,licence_revoked,revoked_reason_unknown,,Вестник: liq_table,"причина отзыва: номер и дата приказа, основания (текст приказа или выпуск «Вестника Банка России»)"
2921,"ОАО ""Орелсоцбанк""",1998-01-01,2012-05-01,1994-06-27,2012-05-23,,,licence_ended_kind_unknown,ended_kind_unknown,,справочник BNKSEEK: дата окончания лицензии,"вид прекращения: отзыв, аннулирование, присоединение или иное; дата и документ"
2922,"ООО КБ ""ПрестижКредитБанк""",1998-01-01,2014-11-01,1994-06-27,2014-11-26,2014-11-26,,licence_revoked,economic,,Вестник: order,номер приказа об отзыве
2923,"ОАО Банк ""СОДРУЖЕСТВО""",1998-01-01,2015-10-01,1994-06-27,2015-10-16,2015-10-16,,licence_revoked,economic,,Вестник: order,номер приказа об отзыве
2924,МЕДИНА,2001-07-01,2002-08-01,1994-06-27,1997-07-31,1997-07-31,,licence_revoked,revoked_reason_unknown,,Вестник: liq_table,"причина отзыва: номер и дата приказа, основания (текст приказа или выпуск «Вестника Банка России»); номер приказа об отзыве"
2925,"МКБ ""Объединенный горный банк"" (ООО)",1998-01-01,2008-09-01,1994-06-27,2010-03-03,2010-03-03,,licence_revoked,other,,Вестник: liq_table,номер приказа об отзыве
2926,"ЗАО АКГБ ""Арвеста""",1998-01-01,2010-01-01,1994-06-27,2010-02-03,2010-02-03,,licence_revoked,economic,,Вестник: liq_table,номер приказа об отзыве
2928,"АО АКБ ""Банкирский Дом""",1998-01-01,2016-02-01,1994-06-27,2016-03-03,2016-03-03,,licence_revoked,economic,,Вестник: order,номер приказа об отзыве
2931,"ОАО Банк ""Соотечественники""",1998-01-01,2009-05-01,1994-06-27,2009-06-17,2009-06-17,,licence_revoked,economic,,"Вестник: liq_table,order",номер приказа об отзыве
2933,ОМКРЕДИТБАНК,1998-01-01,2001-05-01,1994-06-28,1997-08-22,,,licence_ended_kind_unknown,ended_kind_unknown,,справочник BNKSEEK: дата окончания лицензии,"вид прекращения: отзыв, аннулирование, присоединение или иное; дата и документ"
2934,"ОАО БАНК ""РФТ""",1998-01-01,2006-03-01,1994-06-29,2006-04-20,2006-04-20,,licence_revoked,aml,,"Вестник: liq_table,order",номер приказа об отзыве
2935,ДАГКОНВЕРСИЯ-БАНК,2001-07-01,2005-06-01,1994-06-29,1996-08-13,1996-08-13,02-277,licence_revoked,revoked_reason_unknown,,Вестник: liq_table,"причина отзыва: номер и дата приказа, основания (текст приказа или выпуск «Вестника Банка России»)"
2937,"Банк ""АББ"" (АО)",1998-01-01,2016-07-01,1994-06-29,2016-07-21,2016-07-21,,licence_revoked,aml,,"Вестник: liq_table,order",номер приказа об отзыве
2938,"""ФИНАРС Банк"" (АО)",1998-01-01,2017-04-01,1994-06-29,2017-04-21,2017-04-21,,licence_revoked,aml,,Вестник: order,номер приказа об отзыве
2939,"""Мой Банк"" (ООО)",1998-06-01,2014-01-01,1994-06-29,2014-01-31,2014-01-31,,licence_revoked,economic,,"Вестник: liq_table,order",номер приказа об отзыве
2940,"ЗАО ""СТРОЙБАНК""",1998-01-01,2006-05-01,1994-06-29,2006-06-15,2006-06-15,,licence_revoked,aml,,"Вестник: liq_table,order",номер приказа об отзыве
2941,НАРВА,1999-05-01,2003-07-01,1994-06-29,1998-06-10,1998-06-10,,licence_revoked,revoked_reason_unknown,,Вестник: liq_table,"причина отзыва: номер и дата приказа, основания (текст приказа или выпуск «Вестника Банка России»); номер приказа об отзыве"
2942,"ООО КБ ""НКБ""",1998-01-01,2016-12-01,1994-06-29,2016-12-29,2016-12-29,,licence_revoked,aml,,Вестник: order,номер приказа об отзыве
2943,ГРИФОН,1998-01-01,2002-12-01,1994-06-29,1999-10-01,,,licence_ended_kind_unknown,ended_kind_unknown,,справочник BNKSEEK: дата окончания лицензии,"вид прекращения: отзыв, аннулирование, присоединение или иное; дата и документ"
2944,"АКБ ""НЗБанк"", ОАО",1998-06-01,2016-11-01,1994-06-29,2016-11-18,2016-11-18,,licence_revoked,economic,,Вестник: order,номер приказа об отзыве
2946,"КБ ""Столыпин"" (ЗАО)",1998-01-01,2009-04-01,1994-06-29,2009-05-20,2009-05-20,,licence_revoked,aml,,"Вестник: liq_table,order",номер приказа об отзыве
2947,"ООО КБ ""БРИЗБАНК""",1998-01-01,2006-01-01,1994-06-29,2005-10-05,2005-10-05,ОД-578,licence_revoked,revoked_reason_unknown,,Вестник: liq_table,"причина отзыва: номер и дата приказа, основания (текст приказа или выпуск «Вестника Банка России»)"
2948,"АО АКБ ""Стелла-Банк""",1998-01-01,2016-04-01,1994-06-29,2016-04-14,2016-04-14,,licence_revoked,aml,,Вестник: order,номер приказа об отзыве
2949,"АО ""Эксперт Банк""",1998-01-01,2019-11-01,1994-06-29,2019-11-01,2019-11-01,,licence_revoked,aml,,"Вестник: order,press",номер приказа об отзыве
2951,"АКБ ""КНБП""",1998-01-01,2002-11-01,1994-07-01,1998-10-07,,,licence_ended_kind_unknown,ended_kind_unknown,,справочник BNKSEEK: дата окончания лицензии,"вид прекращения: отзыв, аннулирование, присоединение или иное; дата и документ"
2953,НИКЕЯ БАНК,2005-03-01,2005-11-01,1994-07-01,1995-11-03,1995-11-03,02-275,licence_revoked,revoked_reason_unknown,,Вестник: liq_table,"причина отзыва: номер и дата приказа, основания (текст приказа или выпуск «Вестника Банка России»)"
2955,"ИКБ ""Эрмитаж"" (ООО)",1998-01-01,2007-07-01,1994-07-04,2007-08-15,2007-08-15,,licence_revoked,aml,,"Вестник: liq_table,order",номер приказа об отзыве
2956,"ПАО ""Межтопэнергобанк""",1998-01-01,2017-07-01,1994-07-04,2017-07-20,2017-07-20,,licence_revoked,economic,,Вестник: order,номер приказа об отзыве
2957,"Банк ""Еврокредит"" (ООО)",1998-06-01,2015-12-01,1994-07-04,2015-12-04,2015-12-04,,licence_revoked,economic,,Вестник: order,номер приказа об отзыве
2958,"ОАО АКБ ""ТОБОЛЬСК""",1998-06-01,2004-08-01,1994-07-04,2004-08-05,,,licence_ended_kind_unknown,ended_kind_unknown,,справочник BNKSEEK: дата окончания лицензии,"вид прекращения: отзыв, аннулирование, присоединение или иное; дата и документ"
2960,"ООО КБ ""Славянский кредит""",1998-01-01,2020-08-01,1994-07-04,2020-08-21,,,licence_ended_kind_unknown,ended_kind_unknown,,справочник BNKSEEK: дата окончания лицензии,"вид прекращения: отзыв, аннулирование, присоединение или иное; дата и документ"
2961,"АО КБ ""Михайловский ПЖСБ""",1998-06-01,2018-09-01,1994-07-11,2018-09-21,,,licence_ended_kind_unknown,ended_kind_unknown,,справочник BNKSEEK: дата окончания лицензии,"вид прекращения: отзыв, аннулирование, присоединение или иное; дата и документ"
2965,"КБ ""СОЮЗПРОМБАНК"" ООО",1998-01-01,2014-09-01,1994-07-12,2014-09-30,2014-09-30,,licence_revoked,other,,"Вестник: liq_table,order",номер приказа об отзыве
2966,"ООО КБ ""КАМЧАТКА""",1998-01-01,2012-08-01,1994-07-12,2012-08-09,,,licence_ended_kind_unknown,ended_kind_unknown,,справочник BNKSEEK: дата окончания лицензии,"вид прекращения: отзыв, аннулирование, присоединение или иное; дата и документ"
2967,"ЗАО ""WDB-банк""",1998-01-01,2009-04-01,1994-07-12,2009-05-06,2009-05-06,,licence_revoked,economic,,"Вестник: liq_table,order",номер приказа об отзыве
2968,"КБ ""ЕВРОТРАСТ"" (ЗАО)",1998-01-01,2014-02-01,1994-07-15,2014-02-11,2014-02-11,,licence_revoked,economic,,Вестник: order,номер приказа об отзыве
2970,ГОРЫ,2001-07-01,2006-01-01,1994-07-15,1996-05-15,1996-05-15,02-153,licence_revoked,revoked_reason_unknown,,Вестник: liq_table,"причина отзыва: номер и дата приказа, основания (текст приказа или выпуск «Вестника Банка России»)"
2972,"БАНК ""СОФРИНО"" (ЗАО)",1998-01-01,2014-05-01,1994-07-18,2014-06-02,2014-06-02,,licence_revoked,economic,,Вестник: order,номер приказа об отзыве
2973,ДЖАЙНА,2003-04-01,2006-01-01,1994-07-18,1997-07-21,1997-07-21,02-315,licence_revoked,revoked_reason_unknown,,Вестник: liq_table,"причина отзыва: номер и дата приказа, основания (текст приказа или выпуск «Вестника Банка России»)"
2974,АРКАС,2003-06-01,2003-11-01,1994-07-18,1997-08-28,1997-08-28,,licence_revoked,revoked_reason_unknown,,Вестник: liq_table,"причина отзыва: номер и дата приказа, основания (текст приказа или выпуск «Вестника Банка России»); номер приказа об отзыве"
2976,РПБ (ЗАО),1998-01-01,2006-01-01,1994-07-18,2006-03-22,2006-03-22,,licence_revoked,aml,,"Вестник: liq_table,order",номер приказа об отзыве
2978,ДАЛЬМЕСТБАНК,1998-01-01,2000-09-01,1994-07-18,1998-06-17,,,licence_ended_kind_unknown,ended_kind_unknown,,справочник BNKSEEK: дата окончания лицензии,"вид прекращения: отзыв, аннулирование, присоединение или иное; дата и документ"
2980,"КБ ""Либра"" ООО",1998-01-01,2009-09-01,1994-07-18,2009-10-08,2009-10-09,,licence_revoked,economic,,"Вестник: liq_table,order",номер приказа об отзыве
2981,СИБИРСКИЙ МЕЖДУНАРОД.ИНВЕСТБАНК,1998-01-01,2000-11-01,1994-07-19,1998-02-26,,,licence_ended_kind_unknown,ended_kind_unknown,,справочник BNKSEEK: дата окончания лицензии,"вид прекращения: отзыв, аннулирование, присоединение или иное; дата и документ"
2983,Центркомбанк ООО,1998-01-01,2016-09-01,1994-07-19,2016-09-26,2016-09-26,,licence_revoked,aml,,Вестник: order,номер приказа об отзыве
2984,"ОАО КБ ""Донбанк""",1998-01-01,2010-12-01,1994-07-19,2010-12-20,,,licence_ended_kind_unknown,ended_kind_unknown,,справочник BNKSEEK: дата окончания лицензии,"вид прекращения: отзыв, аннулирование, присоединение или иное; дата и документ"
2985,ЭЛИСТИНСКИЙ ГОРОДСКОЙ БАНК,1998-01-01,2002-02-01,1994-07-19,1998-09-11,,,licence_ended_kind_unknown,ended_kind_unknown,,справочник BNKSEEK: дата окончания лицензии,"вид прекращения: отзыв, аннулирование, присоединение или иное; дата и документ"
2986,ВИСАВИЯ,1998-01-01,2003-12-01,1994-07-19,1998-07-15,1998-07-15,,licence_revoked,revoked_reason_unknown,,Вестник: liq_table,"причина отзыва: номер и дата приказа, основания (текст приказа или выпуск «Вестника Банка России»); номер приказа об отзыве"
2987,"АКБ ""ИНТЕЛЛЕКТ-БАНК""",1998-01-01,2004-03-01,1994-07-20,2001-10-29,2001-10-29,,licence_revoked,false_only,,Вестник: liq_table,номер приказа об отзыве
2989,"АО ""РОСКОСМОСБАНК""",1998-06-01,2021-05-01,1994-07-20,2021-05-01,,,licence_ended_kind_unknown,ended_kind_unknown,3251,справочник BNKSEEK: дата окончания лицензии,"вид прекращения: отзыв, аннулирование, присоединение или иное; дата и документ"
2991,"УКБ ""Центурион"" (ООО)",1998-01-01,2006-07-01,1994-07-20,2006-08-23,2006-08-23,,licence_revoked,aml,,"Вестник: liq_table,order",номер приказа об отзыве
2992,"КБ ""БМБ"" (ООО)",1998-06-01,2015-10-01,1994-07-26,2015-11-02,2015-11-02,,licence_revoked,economic,,Вестник: order,номер приказа об отзыве
2999,СБ Банк (ООО),1998-01-01,2015-02-01,1994-07-27,2015-02-16,2015-02-16,,licence_revoked,economic,,Вестник: order,номер приказа об отзыве
3000,"КБ ""Арсенал"" ООО",1998-01-01,2017-09-01,1994-07-27,2017-09-21,2017-09-21,,licence_revoked,aml,,Вестник: order,номер приказа об отзыве
3002,"ООО КБ ""Пульс Столицы""",1998-01-01,2016-04-01,1994-07-28,2016-04-13,2016-04-13,,licence_revoked,economic,,Вестник: order,номер приказа об отзыве
3003,"АКБ ""Парамита""",1998-01-01,2004-09-01,1994-07-28,1998-12-21,1998-12-21,ОД-617,licence_revoked,revoked_reason_unknown,,Вестник: liq_table,"причина отзыва: номер и дата приказа, основания (текст приказа или выпуск «Вестника Банка России»)"
3006,"АО ""АК Банк""",1998-06-01,2018-03-01,1994-07-29,2018-03-29,2018-03-29,,licence_revoked,aml,,Вестник: order,номер приказа об отзыве
3007,"ЗАО АКБ ""Лесобанк""",1998-01-01,2004-07-01,1994-08-01,2003-01-30,2003-01-30,,licence_revoked,economic,,"Вестник: liq_table,order",номер приказа об отзыве
3008,ПЕРВЫЙ ПРОМЫШЛЕННЫЙ БАНК,2002-07-01,2006-01-01,1994-08-02,1997-08-28,1997-08-28,02-374,licence_revoked,revoked_reason_unknown,,Вестник: liq_table,"причина отзыва: номер и дата приказа, основания (текст приказа или выпуск «Вестника Банка России»)"
3009,КОНСТАНТА ИНТЕРНЕЙШНЛ БАНК,1998-01-01,2003-01-01,1994-08-02,1998-11-05,1998-11-05,,licence_revoked,revoked_reason_unknown,,Вестник: liq_table,"причина отзыва: номер и дата приказа, основания (текст приказа или выпуск «Вестника Банка России»); номер приказа об отзыве"
3010,"ООО РНКО ""ИСБ""",1998-01-01,2019-08-01,1994-08-03,2019-08-23,,,licence_ended_kind_unknown,ended_kind_unknown,,справочник BNKSEEK: дата окончания лицензии,"вид прекращения: отзыв, аннулирование, присоединение или иное; дата и документ"
3011,"АКБ ""Мастер-Капитал"" (ОАО)",1998-01-01,2018-02-01,1994-08-03,2018-02-20,2018-02-20,,licence_revoked,other,,Вестник: order,номер приказа об отзыве
3014,ДОРОЖНАЯ ЗАСТАВА,2001-11-01,2003-03-01,1994-08-03,1996-05-24,1996-05-24,,licence_revoked,revoked_reason_unknown,,Вестник: liq_table,"причина отзыва: номер и дата приказа, основания (текст приказа или выпуск «Вестника Банка России»); номер приказа об отзыве"
3015,"ООО ""ЮРБ""",1998-01-01,2018-07-01,1994-08-03,2018-07-20,2018-07-20,,licence_revoked,aml,,Вестник: order,номер приказа об отзыве
3016,"АО ""Нордеа Банк""",1998-01-01,2021-04-01,1994-08-03,2021-04-16,,,licence_ended_kind_unknown,ended_kind_unknown,,справочник BNKSEEK: дата окончания лицензии,"вид прекращения: отзыв, аннулирование, присоединение или иное; дата и документ"
3021,"КБ ""УСБ"" (ООО)",1998-01-01,2006-09-01,1994-08-04,2006-09-27,2006-09-27,,licence_revoked,aml,,"Вестник: liq_table,order",номер приказа об отзыве
3025,"""БАИФ""",2001-10-01,2005-08-01,1994-08-04,1996-09-02,1996-09-02,02-311,licence_revoked,revoked_reason_unknown,,Вестник: liq_table,"причина отзыва: номер и дата приказа, основания (текст приказа или выпуск «Вестника Банка России»)"
3026,"ООО ""ИПОЗЕМбанк""",1998-06-01,2015-11-01,1994-08-04,2015-11-24,2015-11-24,,licence_revoked,aml,,"Вестник: liq_table,order",номер приказа об отзыве
3028,"ООО КБ ""Международный расчетный банк""",1998-01-01,2019-03-01,1994-08-04,2019-03-28,2019-03-28,,licence_revoked,aml,,Вестник: order,номер приказа об отзыве
3029,"ООО КБ ""КОМИНБАНК""",1998-01-01,2007-07-01,1994-08-04,2007-08-29,2007-08-29,,licence_revoked,aml,,"Вестник: liq_table,order",номер приказа об отзыве
3030,"КБ ""Холдинг-Кредит"" ООО",1998-01-01,2012-05-01,1994-08-04,2012-05-16,2012-05-16,,licence_revoked,false_only,,справочник/реестр ЦБ,номер приказа об отзыве
3031,СКМ-БАНК,2001-10-01,2006-01-01,1994-08-04,1997-02-06,1997-02-06,02-18,licence_revoked,revoked_reason_unknown,,Вестник: liq_table,"причина отзыва: номер и дата приказа, основания (текст приказа или выпуск «Вестника Банка России»)"
3036,"""АМБ Банк"" (ПАО)",1998-01-01,2015-07-01,1994-08-04,2015-07-24,2015-07-24,,licence_revoked,other,,Вестник: order,номер приказа об отзыве
3037,ООО КБЦА,1998-01-01,2020-07-01,1994-08-04,2020-07-24,,,licence_ended_kind_unknown,ended_kind_unknown,,справочник BNKSEEK: дата окончания лицензии,"вид прекращения: отзыв, аннулирование, присоединение или иное; дата и документ"
3042,"ЗАО АКБ ""Сибирьгазбанк""",1998-06-01,2011-07-01,1994-08-04,2011-07-06,2011-07-06,,licence_annulled,other,,"Вестник: liq_table | лицензия аннулирована по решению самого банка, добровольная ликвидация (приказ Банка России, поиск 05.10.2026)",номер приказа об отзыве
3044,"КБ ""Московский Капитал"" (ООО)",1998-06-01,2009-01-01,1994-08-10,2009-02-02,2009-02-02,,licence_revoked,economic,,Вестник: liq_table | причина по сообщению Банка России об отзыве (поиск 05.10.2026),номер приказа об отзыве
3045,КООПЕРАТИВНЫЙ,1998-01-01,2002-12-01,1994-08-10,1999-03-22,,,licence_ended_kind_unknown,ended_kind_unknown,,справочник BNKSEEK: дата окончания лицензии,"вид прекращения: отзыв, аннулирование, присоединение или иное; дата и документ"
3046,"КБ ""Инвестиционный Промэнергобанк"" (ОАО)",1998-01-01,2007-09-01,1994-08-10,2007-09-26,2007-09-26,,licence_revoked,aml,,"Вестник: liq_table,order",номер приказа об отзыве
3047,"КБ ""Интеркредит"" (АО)",1998-01-01,2016-06-01,1994-08-10,2016-06-29,2016-06-29,,licence_revoked,economic,,Вестник: order,номер приказа об отзыве
3048,"ИКБ ""Энтузиастбанк"" ООО",1998-01-01,2016-11-01,1994-08-10,2016-10-27,2016-10-27,,licence_revoked,aml,,"Вестник: liq_table,order",номер приказа об отзыве
3049,"АКБ ""ДАЛЕТБАНК"" (АО)",1998-01-01,2015-07-01,1994-08-10,2015-08-03,2015-08-03,,licence_revoked,aml,,Вестник: order,номер приказа об отзыве
3050,ЗАО СтройКомБанк,1998-01-01,2015-05-01,1994-08-10,2015-05-13,2015-05-13,,licence_revoked,aml,,"Вестник: liq_table,order",номер приказа об отзыве
3053,"АО ""Гранд Инвест Банк""",1998-01-01,2018-09-01,1994-08-17,2018-09-21,,,licence_ended_kind_unknown,ended_kind_unknown,,справочник BNKSEEK: дата окончания лицензии,"вид прекращения: отзыв, аннулирование, присоединение или иное; дата и документ"
3054,"ООО КБ ""Адмиралтейский""",1998-01-01,2015-09-01,1994-08-17,2015-09-11,2015-09-11,,licence_revoked,aml,,Вестник: order,номер приказа об отзыве
3055,"ООО КБ ""НБР""",1998-01-01,2009-02-01,1994-08-24,2009-03-18,2009-03-18,,licence_revoked,economic,,Вестник: liq_table,номер приказа об отзыве
3057,"КБ ""НКТ""",1998-01-01,2002-12-01,1994-08-24,1999-09-08,1999-09-08,,licence_revoked,economic,,Вестник: liq_table,номер приказа об отзыве
3058,"ПАО ""Татфондбанк""",1998-06-01,2016-12-01,1994-08-24,2017-03-03,2017-03-03,,licence_revoked,economic,,Вестник: order,номер приказа об отзыве
3059,"НКО ""ФКК ""Траст-Кредит""",1998-01-01,2005-05-01,1994-08-24,2005-05-14,,,licence_ended_kind_unknown,ended_kind_unknown,,справочник BNKSEEK: дата окончания лицензии,"вид прекращения: отзыв, аннулирование, присоединение или иное; дата и документ"
3060,ФИНМАРКЕТБАНК,2001-01-01,2002-05-01,1994-08-24,1998-01-22,,,licence_ended_kind_unknown,ended_kind_unknown,,справочник BNKSEEK: дата окончания лицензии,"вид прекращения: отзыв, аннулирование, присоединение или иное; дата и документ"
3062,КБ СССБ (ООО),1998-01-01,2014-09-01,1994-09-01,2014-09-22,2014-09-22,,licence_revoked,aml,,Вестник: order,номер приказа об отзыве
3063,"КБ ""ИТ-Банк"" (ООО)",1998-01-01,2009-06-01,1994-08-24,2009-06-24,2009-06-24,,licence_revoked,economic,,"Вестник: liq_table,order",номер приказа об отзыве
3064,"ОАО ""Сведбанк""",1998-01-01,2013-10-01,1994-09-01,2013-10-01,2013-10-01,,licence_revoked,revoked_reason_unknown,,Вестник: liq_table,"причина отзыва: номер и дата приказа, основания (текст приказа или выпуск «Вестника Банка России»); номер приказа об отзыве"
3065,"Банк ""ВПБ"" (АО)",1998-01-01,2016-09-01,1994-09-01,2016-09-26,2016-09-26,,licence_revoked,economic,,Вестник: order,номер приказа об отзыве
3066,КУРСКБИЗНЕСБАНК,1998-06-01,2001-08-01,1994-09-01,1998-05-27,,,licence_ended_kind_unknown,ended_kind_unknown,,справочник BNKSEEK: дата окончания лицензии,"вид прекращения: отзыв, аннулирование, присоединение или иное; дата и документ"
3067,"Кредитная организация ""СБЕРИНВЕСТ"" (ООО)",1998-01-01,2003-06-01,1994-09-01,2000-09-07,,,licence_ended_kind_unknown,ended_kind_unknown,,справочник BNKSEEK: дата окончания лицензии,"вид прекращения: отзыв, аннулирование, присоединение или иное; дата и документ"
3068,"КБ ""БФГ-Кредит"" (ООО)",1998-01-01,2016-07-01,1994-09-01,2016-07-27,2016-07-27,,licence_revoked,economic,,Вестник: order,номер приказа об отзыве
3069,"КБ ""СМКБ"" (ООО)",1998-01-01,2009-03-01,1994-09-05,2009-04-15,2009-04-15,,licence_revoked,economic,,"Вестник: liq_table,order",номер приказа об отзыве
3071,"ООО КБ ""ФДБ""",1998-01-01,2015-12-01,1994-09-05,2015-12-04,2015-12-04,,licence_revoked,economic,,Вестник: order,номер приказа об отзыве
3076,"ООО КБ ""РТБ-Банк""",1998-01-01,2007-04-01,1994-09-06,2006-04-20,2006-04-20,,licence_revoked,other,,"Вестник: liq_table,order",номер приказа об отзыве
3079,САРАТ.БАНК ПОДДЕРЖКИ ПРЕДПРИНИМ-ВАСБПП,1998-01-01,2000-08-01,1994-09-06,1999-01-21,,,licence_ended_kind_unknown,ended_kind_unknown,,справочник BNKSEEK: дата окончания лицензии,"вид прекращения: отзыв, аннулирование, присоединение или иное; дата и документ"
3080,"КБ ""СОЛО-БАНК"" (ООО)",1998-01-01,2003-07-01,1994-09-06,1999-11-26,1999-11-26,,licence_revoked,economic,,Вестник: liq_table,номер приказа об отзыве
3081,"АКБ ""Земский Земельный Банк""",1998-01-01,2003-07-01,1994-09-06,2000-04-28,2000-04-28,,licence_revoked,economic,,Вестник: liq_table,номер приказа об отзыве
3082,"КБ ""СИБКАЗБАНК""",1998-06-01,2002-05-01,1994-09-06,1998-09-11,,,licence_ended_kind_unknown,ended_kind_unknown,,справочник BNKSEEK: дата окончания лицензии,"вид прекращения: отзыв, аннулирование, присоединение или иное; дата и документ"
3083,КАРАЧАЕВО-ЧЕРКЕССКИЙ СОЦИАЛЬНЫЙ КОМБАНК,1998-01-01,2002-05-01,1994-09-06,1998-02-05,,,licence_ended_kind_unknown,ended_kind_unknown,,справочник BNKSEEK: дата окончания лицензии,"вид прекращения: отзыв, аннулирование, присоединение или иное; дата и документ"
3084,"ОАО АКБ ""ЭКСПРЕСС""",1998-01-01,2013-01-01,1994-09-06,2013-01-21,2013-01-21,,licence_revoked,false_only,,справочник/реестр ЦБ,номер приказа об отзыве
3086,"КБ ""Мигрос"" (ОАО)",1998-01-01,2006-11-01,1994-09-06,2006-12-20,2006-12-20,,licence_revoked,aml,,"Вестник: liq_table,order",номер приказа об отзыве
3088,ТОРГОВО-ПРОМЫШЛЕННЫЙ БАНК,2005-01-01,2005-11-01,1994-09-07,1996-02-08,1996-02-08,02-32,licence_revoked,revoked_reason_unknown,,Вестник: liq_table,"причина отзыва: номер и дата приказа, основания (текст приказа или выпуск «Вестника Банка России»)"
3089,"АКБ ""МИРЪ"" (АО)",1998-06-01,2016-12-01,1994-09-06,2016-12-19,2016-12-19,,licence_revoked,other,,Вестник: order,номер приказа об отзыве
3090,"АКБ ""ГАЛАБАНК"" ЗАО",1998-01-01,2011-10-01,1994-09-07,2011-10-03,2011-10-03,,licence_revoked,economic,,Вестник: liq_table,номер приказа об отзыве
3093,"КБ ""Межторгбанк"" (ОАО)",1998-01-01,2006-03-01,1994-09-22,2006-03-06,,,merged,merged,,Вестник: name,"правопреемник: рег. номер банка, к которому присоединён"
3094,МОСИНВЕСТБАНК,1998-01-01,2002-12-01,1994-09-22,1998-12-31,,,licence_ended_kind_unknown,ended_kind_unknown,,справочник BNKSEEK: дата окончания лицензии,"вид прекращения: отзыв, аннулирование, присоединение или иное; дата и документ"
3096,ДИВИНВЕСТБАНК,1998-01-01,2000-07-01,1994-09-22,1997-12-15,,,licence_ended_kind_unknown,ended_kind_unknown,,справочник BNKSEEK: дата окончания лицензии,"вид прекращения: отзыв, аннулирование, присоединение или иное; дата и документ"
3097,"ОАО АКБ ""Нефтеэнергобанк""",1998-01-01,2002-12-01,1994-09-22,2003-01-31,,,licence_ended_kind_unknown,ended_kind_unknown,,справочник BNKSEEK: дата окончания лицензии,"вид прекращения: отзыв, аннулирование, присоединение или иное; дата и документ"
3098,"АО КБ ""РУБЛЕВ""",1998-01-01,2018-06-01,1994-09-22,2018-06-27,2018-06-27,,licence_revoked,economic,,справочник/реестр ЦБ | причина по сообщению Банка России об отзыве (поиск 05.10.2026),номер приказа об отзыве
3099,"АО ""РФК-банк""",1998-01-01,2018-09-01,1993-05-07,,,,stopped_reporting_but_active,,,,что произошло с банком после последнего отчёта
3101,"ОАО КБ ""Самарский кредит""",1998-06-01,2006-04-01,1994-09-29,2006-01-18,,,licence_ended_kind_unknown,ended_kind_unknown,,справочник BNKSEEK: дата окончания лицензии,"вид прекращения: отзыв, аннулирование, присоединение или иное; дата и документ"
3102,ИНТЕРПАРТНЕР,2005-05-01,2006-01-01,1994-09-29,1996-09-05,1996-09-05,02-331,licence_revoked,revoked_reason_unknown,,Вестник: liq_table,"причина отзыва: номер и дата приказа, основания (текст приказа или выпуск «Вестника Банка России»)"
3105,"ООО КБ ""АУЭРБАНК""",1998-01-01,2014-07-01,1994-10-04,2014-07-25,2014-07-25,,licence_revoked,aml,,"Вестник: liq_table,order",номер приказа об отзыве
3106,"ООО ""ТРАНСЭНЕРГОБАНК""",1998-01-01,2012-11-01,1994-10-04,2012-11-02,2012-11-02,,licence_revoked,economic,,Вестник: liq_table,номер приказа об отзыве
3108,"ЗАО ""Межсоцбанк""",1998-01-01,2007-10-01,1994-10-05,2007-10-25,2007-10-25,,licence_revoked,false_only,,"Вестник: liq_table,order",номер приказа об отзыве
3111,КИНОБАНК,1998-01-01,2001-12-01,1994-10-10,1999-11-26,,,licence_ended_kind_unknown,ended_kind_unknown,,справочник BNKSEEK: дата окончания лицензии,"вид прекращения: отзыв, аннулирование, присоединение или иное; дата и документ"
3112,ЭКСПАН-БАНК,1998-01-01,2006-01-01,1994-10-10,1998-12-21,1998-12-21,ОД-618,licence_revoked,revoked_reason_unknown,,Вестник: liq_table,"причина отзыва: номер и дата приказа, основания (текст приказа или выпуск «Вестника Банка России»)"
3114,"О.О.О. КБ ""Виктория-Альфа""",1998-01-01,2004-05-01,1994-10-10,1999-03-22,1999-03-22,,licence_revoked,false_only,,Вестник: liq_table,номер приказа об отзыве
3115,"КБ ""Анталбанк"" ООО",1998-01-01,2015-09-01,1994-10-10,2015-09-24,2015-09-24,,licence_revoked,other,,Вестник: order,номер приказа об отзыве
3117,"АКБ ""Легион"" (АО)",1998-01-01,2017-07-01,1994-10-10,2017-07-07,2017-07-07,,licence_revoked,economic,,Вестник: order,номер приказа об отзыве
3118,"ООО КБ ""Второй Банк""",1998-01-01,2004-06-01,1994-10-10,2002-05-28,2002-05-28,,licence_revoked,other,,Вестник: liq_table,номер приказа об отзыве
3119,"ОАО ""Уралфинпромбанк""",1998-01-01,2010-12-01,1994-10-10,2010-12-20,2010-12-20,,licence_revoked,economic,,Вестник: liq_table,номер приказа об отзыве
3120,"ПАО ""Тайм Банк""",1998-01-01,2015-07-01,1994-10-10,2015-07-21,2015-07-21,,licence_revoked,other,,Вестник: order,номер приказа об отзыве
3121,АВУАР,2004-11-01,2005-07-01,1994-10-10,1998-01-22,1998-01-22,ОД-28,licence_revoked,revoked_reason_unknown,,Вестник: liq_table,"причина отзыва: номер и дата приказа, основания (текст приказа или выпуск «Вестника Банка России»)"
3122,"АКБ ""Ресурс-траст"" (АО)",1998-01-01,2020-07-01,1994-10-11,2020-07-24,,,licence_ended_kind_unknown,ended_kind_unknown,,справочник BNKSEEK: дата окончания лицензии,"вид прекращения: отзыв, аннулирование, присоединение или иное; дата и документ"
3123,"АО ""РМБ"" БАНК",1998-01-01,2017-09-01,1994-10-11,2017-09-04,2017-09-04,,licence_revoked,aml,,Вестник: order,номер приказа об отзыве
3125,АЛМАЗБАНК ИНВЕСТИЦИОННЫЙ,2003-05-01,2004-06-01,1994-10-14,1997-11-14,1997-11-14,,licence_revoked,revoked_reason_unknown,,Вестник: liq_table,"причина отзыва: номер и дата приказа, основания (текст приказа или выпуск «Вестника Банка России»); номер приказа об отзыве"
3127,МЕРСУРИЙ,2001-06-01,2002-08-01,1994-10-19,1995-09-25,1995-09-25,,licence_revoked,revoked_reason_unknown,,Вестник: liq_table,"причина отзыва: номер и дата приказа, основания (текст приказа или выпуск «Вестника Банка России»); номер приказа об отзыве"
3128,БАНК ИТБ (АО),1998-01-01,2015-10-01,1994-10-19,2015-10-06,2015-10-06,,licence_revoked,aml,,Вестник: order,номер приказа об отзыве
3129,"КБ ""Рубин"" ООО",1998-01-01,2007-02-01,1994-10-19,2007-03-07,2007-03-09,,licence_revoked,aml,,"Вестник: liq_table,order",номер приказа об отзыве
3130,ИНВЕСТИЦИОННЫЙ РЕГИОНАЛЬНЫЙ БАНК,1998-06-01,2001-04-01,1994-10-19,1998-11-05,,,licence_ended_kind_unknown,ended_kind_unknown,,справочник BNKSEEK: дата окончания лицензии,"вид прекращения: отзыв, аннулирование, присоединение или иное; дата и документ"
3131,МАГНАТ,2004-01-01,2004-09-01,1994-10-19,1996-10-18,1996-10-18,02-393,licence_revoked,revoked_reason_unknown,,Вестник: liq_table,"причина отзыва: номер и дата приказа, основания (текст приказа или выпуск «Вестника Банка России»)"
3132,АЛЕКСАНДРИЯ,1998-01-01,2002-05-01,1994-10-19,2000-02-15,,,licence_ended_kind_unknown,ended_kind_unknown,,справочник BNKSEEK: дата окончания лицензии,"вид прекращения: отзыв, аннулирование, присоединение или иное; дата и документ"
3133,"АКБ ""МЕЖПРОМБАНК"" (ОАО)",1998-01-01,2006-03-01,1994-10-19,2006-04-20,2006-04-20,,licence_revoked,other,,"Вестник: liq_table,order",номер приказа об отзыве
3134,КЕМЕРОВО ГОРОДСКОЙ ИПОТЕЧНЫЙ,1998-01-01,2000-12-01,1994-10-19,2000-12-29,,,licence_ended_kind_unknown,ended_kind_unknown,,справочник BNKSEEK: дата окончания лицензии,"вид прекращения: отзыв, аннулирование, присоединение или иное; дата и документ"
3135,"ОАО БАНК ""ПРИОРИТЕТ""",1998-06-01,2014-09-01,1994-10-19,2014-09-30,2014-09-30,,licence_revoked,economic,,Вестник: order,номер приказа об отзыве
3139,"АКБ ""Новый Кредитный Союз"" (АО)",1998-01-01,2018-04-01,1994-10-20,2018-04-26,2018-04-26,,licence_revoked,aml,,Вестник: order,номер приказа об отзыве
3140,АЗАЛБАНК,2003-04-01,2006-01-01,1994-10-20,1998-03-18,1998-03-18,ОД-119,licence_revoked,revoked_reason_unknown,,Вестник: liq_table,"причина отзыва: номер и дата приказа, основания (текст приказа или выпуск «Вестника Банка России»)"
3141,"ЗАО АКБ ""Волгоинвестбанк""",1998-01-01,2007-08-01,1994-10-20,2007-08-09,,,licence_ended_kind_unknown,ended_kind_unknown,,справочник BNKSEEK: дата окончания лицензии,"вид прекращения: отзыв, аннулирование, присоединение или иное; дата и документ"
3143,"АКБ ""ВЗАИМНЫЙ КРЕДИТЪ""",1998-01-01,2005-04-01,1994-10-20,1998-11-05,1998-11-05,ОД-535,licence_revoked,revoked_reason_unknown,,Вестник: liq_table,"причина отзыва: номер и дата приказа, основания (текст приказа или выпуск «Вестника Банка России»)"
3144,"АКБ ""ИнтрастБанк"" (ОАО)",1998-01-01,2014-09-01,1994-10-20,2014-09-16,2014-09-16,,licence_revoked,economic,,Вестник: order,номер приказа об отзыве
3145,"ООО КБ ""Бизнес-Паритет""",1998-01-01,2003-03-01,1994-10-20,2001-05-18,2001-05-18,,licence_revoked,economic,,Вестник: liq_table,номер приказа об отзыве
3146,"ООО КБ ""СТРОЙКРЕДИТИНВЕСТ""",1998-06-01,2006-01-01,1994-10-20,2006-10-11,2006-10-11,,licence_revoked,other,,"Вестник: liq_table,order",номер приказа об отзыве
3147,АКАДЕМСТРОЙБАНК,1998-01-01,2002-12-01,1994-10-21,2000-02-22,,,licence_ended_kind_unknown,ended_kind_unknown,,справочник BNKSEEK: дата окончания лицензии,"вид прекращения: отзыв, аннулирование, присоединение или иное; дата и документ"
3148,"""ЕРКБ"" (ООО)",1998-01-01,2006-05-01,1994-10-28,2006-06-06,2006-06-07,,licence_revoked,aml,,"Вестник: liq_table,order",номер приказа об отзыве
3149,ВВР-КОММЕРЦБАНК,1998-01-01,2000-10-01,1994-10-28,1998-12-04,,,licence_ended_kind_unknown,ended_kind_unknown,,справочник BNKSEEK: дата окончания лицензии,"вид прекращения: отзыв, аннулирование, присоединение или иное; дата и документ"
3150,"КБ ""СПБРР"" ОАО",1998-01-01,2007-03-01,1994-11-02,2007-05-02,2007-05-02,,licence_revoked,economic,,"Вестник: liq_table,order",номер приказа об отзыве
3151,ИНВЕСТДЕЛЬТАБАНК,2003-09-01,2004-07-01,1994-11-02,1996-11-18,1996-11-18,,licence_revoked,revoked_reason_unknown,,Вестник: liq_table,"причина отзыва: номер и дата приказа, основания (текст приказа или выпуск «Вестника Банка России»); номер приказа об отзыве"
3153,МИНЕРВА,1998-06-01,1999-10-01,1994-11-09,1998-02-26,,,licence_ended_kind_unknown,ended_kind_unknown,,справочник BNKSEEK: дата окончания лицензии,"вид прекращения: отзыв, аннулирование, присоединение или иное; дата и документ"
3154,"АКБ ""АЗИМУТ"" (ПАО)",1998-01-01,2015-06-01,1994-11-14,2015-06-19,2015-06-19,,licence_revoked,other,,Вестник: order,номер приказа об отзыве
3155,КИБ ГПС,1998-01-01,2004-03-01,1994-11-14,1999-06-30,1999-06-30,,licence_revoked,economic,,Вестник: liq_table,номер приказа об отзыве
3156,КБИ Банк ООО,1998-01-01,2009-06-01,1994-11-14,2009-06-24,2009-06-24,,licence_revoked,aml,,"Вестник: liq_table,order",номер приказа об отзыве
3158,"ООО КБ ""ПАНЭМСТРОЙБАНК""",1998-01-01,2006-01-01,1994-11-14,2006-03-22,2006-03-22,,licence_revoked,aml,,"Вестник: liq_table,order",номер приказа об отзыве
3159,ИМАНАТ,1998-06-01,2003-10-01,1994-11-14,1998-09-03,1998-09-03,,licence_revoked,revoked_reason_unknown,,Вестник: liq_table,"причина отзыва: номер и дата приказа, основания (текст приказа или выпуск «Вестника Банка России»); номер приказа об отзыве"
3160,ФИНАНССЕРВИС,2001-08-01,2003-06-01,1994-11-14,1997-05-13,,,licence_ended_kind_unknown,ended_kind_unknown,,справочник BNKSEEK: дата окончания лицензии,"вид прекращения: отзыв, аннулирование, присоединение или иное; дата и документ"
3163,"КБ ""МФБанк"" ООО",1998-01-01,2017-09-01,1994-12-01,2017-10-04,2017-10-04,,licence_revoked,other,,Вестник: order,номер приказа об отзыве
3165,СЕВДОРБАНК,1998-01-01,2003-04-01,1994-12-02,2003-05-23,2003-05-23,,licence_revoked,revoked_reason_unknown,,Вестник: liq_table,"причина отзыва: номер и дата приказа, основания (текст приказа или выпуск «Вестника Банка России»); номер приказа об отзыве"
3167,"КБ ""БВТ"" (ооо)",1998-01-01,2009-07-01,1994-12-02,2009-07-29,2009-07-29,,licence_revoked,other,,"Вестник: liq_table,order",номер приказа об отзыве
3168,"""ЛАКИ БАНК""",1998-01-01,2002-11-01,1994-12-02,1999-04-05,,,licence_ended_kind_unknown,ended_kind_unknown,,справочник BNKSEEK: дата окончания лицензии,"вид прекращения: отзыв, аннулирование, присоединение или иное; дата и документ"
3169,"ООО КБ ""ОТБанк""",1998-01-01,2006-05-01,1994-12-02,2006-08-30,2006-08-30,,licence_revoked,aml,,"Вестник: liq_table,order",номер приказа об отзыве
3170,ПЕНЗЕНСКИЙ БАНК ВОЗРОЖДЕНИЯ И РАЗВИТИЯ,1998-06-01,2001-05-01,1994-12-02,1999-11-26,,,licence_ended_kind_unknown,ended_kind_unknown,,справочник BNKSEEK: дата окончания лицензии,"вид прекращения: отзыв, аннулирование, присоединение или иное; дата и документ"
3171,"КБ ""МЕЖРЕГИОНАЛЬНЫЙ ПОЧТОВЫЙ БАНК"" ООО",1998-01-01,2017-03-01,1994-12-05,2017-03-03,2017-03-03,,licence_annulled,other,,"Вестник: liq_table | лицензия аннулирована по решению самого банка, добровольная ликвидация (сообщение Банка России, поиск 05.10.2026)",номер приказа об отзыве
3174,"ООО КБ ""Транспортный""",1998-01-01,2015-05-01,1994-12-05,2015-05-20,2015-05-20,,licence_revoked,economic,,Вестник: order,номер приказа об отзыве
3177,"ООО КБ ""Лайтбанк""",1998-01-01,2018-03-01,1994-12-13,2018-03-29,2018-03-29,,licence_revoked,economic,,справочник/реестр ЦБ | причина по сообщению Банка России об отзыве (поиск 05.10.2026),номер приказа об отзыве
3180,"АО БАНК ""ТГБ""",1998-01-01,2017-03-01,1994-12-16,2017-03-13,2017-03-13,,licence_revoked,aml,,Вестник: order,номер приказа об отзыве
3181,"ООО КБ ""МНИБ""",1998-01-01,2017-07-01,1994-12-16,2017-07-05,2017-07-05,,licence_revoked,aml,,Вестник: order,номер приказа об отзыве
3182,"ООО КБ ""АЛЬЯНС БАНК""",1998-01-01,2007-09-01,1994-12-22,2007-09-26,2007-09-26,,licence_revoked,aml,,"Вестник: liq_table,order",номер приказа об отзыве
3183,"АО ""Азия Банк""",1998-01-01,2016-09-01,1994-12-22,2016-09-07,2016-09-07,,licence_revoked,other,,Вестник: liq_table,номер приказа об отзыве
3186,"ООО КБ ""Кредит Экспресс""",1998-01-01,2018-03-01,1994-12-26,2018-03-15,2018-03-15,,licence_revoked,aml,,Вестник: order,номер приказа об отзыве
3187,"КБ ""ЕДИНСТВЕННЫЙ"" (ООО)",1998-01-01,2015-04-01,1994-12-26,2015-04-24,2015-04-24,,licence_revoked,aml,,Вестник: order,номер приказа об отзыве
3190,"КБ ""Кутузовский"" ООО",1998-01-01,2014-05-01,1994-12-30,2014-05-26,2014-05-26,,licence_revoked,economic,,Вестник: order,номер приказа об отзыве
3191,"АКБ ""Инбанкпродукт"" ОАО",1998-01-01,2006-12-01,1994-12-30,2006-12-20,2006-12-21,,licence_revoked,aml,,Вестник: order,номер приказа об отзыве
3192,"ООО ""МГМБ""",1998-01-01,2013-07-01,1994-12-30,2013-07-08,,,licence_ended_kind_unknown,ended_kind_unknown,,справочник BNKSEEK: дата окончания лицензии,"вид прекращения: отзыв, аннулирование, присоединение или иное; дата и документ"
3193,"АКБ ""Регионсоцбанк""",1998-01-01,2003-06-01,1994-12-30,1999-11-17,,,licence_ended_kind_unknown,ended_kind_unknown,,справочник BNKSEEK: дата окончания лицензии,"вид прекращения: отзыв, аннулирование, присоединение или иное; дата и документ"
3195,"КБ ""МИКО-БАНК"" ООО",1998-01-01,2016-03-01,1994-12-30,2016-03-24,2016-03-24,,licence_revoked,other,,Вестник: order,номер приказа об отзыве
3197,"МКБ ""ОДИНБАНК"" (ООО)",1998-01-01,2013-08-01,1995-01-06,2013-08-09,2013-08-09,,licence_revoked,aml,,Вестник: liq_table,номер приказа об отзыве
3199,ЖИЛИЩНЫЙ БАНК,2004-03-01,2005-01-01,1995-01-06,1996-12-14,1996-12-14,02-454,licence_revoked,revoked_reason_unknown,,Вестник: liq_table,"причина отзыва: номер и дата приказа, основания (текст приказа или выпуск «Вестника Банка России»)"
3200,"КБ ""ЕВРОСТАНДАРТ"" (ООО)",1998-01-01,2017-11-01,1995-01-16,2017-12-04,2017-12-04,,licence_revoked,other,,Вестник: order,номер приказа об отзыве
3201,"АКБ ""Первый Капитал"" (ЗАО)",1998-01-01,2010-07-01,1995-01-17,2010-08-12,2010-08-12,,licence_revoked,economic,,Вестник: liq_table,номер приказа об отзыве
3203,"АО АКБ ""Турбобанк""",1998-01-01,2016-01-01,1995-01-26,2016-01-21,2016-01-21,,licence_revoked,aml,,Вестник: order,номер приказа об отзыве
3204,"КБ ""РОСПРОМБАНК"" (ООО)",1998-06-01,2016-09-01,1995-01-27,2016-09-13,2016-09-13,,licence_revoked,aml,,Вестник: order,номер приказа об отзыве
3205,"АО ""РУССТРОЙБАНК""",1998-01-01,2015-12-01,1995-01-27,2015-12-18,2015-12-18,,licence_revoked,economic,,Вестник: order,номер приказа об отзыве
3206,"""Соверен Банк"" (АО)",1998-06-01,2016-04-01,1995-01-27,2016-04-08,2016-04-08,,licence_revoked,other,,Вестник: order,номер приказа об отзыве
3207,"АО ""РУНА-БАНК""",1998-01-01,2021-07-01,1995-01-27,2021-07-23,2021-07-23,,licence_revoked,aml,,Вестник: press | причина по сообщению Банка России об отзыве (поиск 05.10.2026),номер приказа об отзыве
3208,"ОАО ""Банк Китеж""",1998-01-01,2007-11-01,1995-02-02,2007-12-19,2007-12-19,,licence_revoked,aml,,"Вестник: liq_table,order",номер приказа об отзыве
3209,"АО МКБ ""ДОМ-БАНК""",1998-06-01,2020-12-01,1995-02-02,2020-12-04,,,licence_ended_kind_unknown,ended_kind_unknown,,справочник BNKSEEK: дата окончания лицензии,"вид прекращения: отзыв, аннулирование, присоединение или иное; дата и документ"
3210,"ООО ""ЭКСПОРТБАНК""",1998-01-01,2006-01-01,1995-02-08,2007-04-25,2007-04-25,,licence_revoked,aml,,"Вестник: liq_table,order",номер приказа об отзыве
3211,"ООО КБ ""Боровицкие ворота""",1998-01-01,2008-07-01,1995-02-09,2008-12-25,2008-12-25,,licence_revoked,other,,"Вестник: liq_table,order",номер приказа об отзыве
3212,"ОАО КБ ""Газинвестбанк""",1998-01-01,2008-11-01,1995-02-09,2008-12-03,2008-12-04,,licence_revoked,economic,,Вестник: order,номер приказа об отзыве
3213,СОЦВОЕНБАНК,1998-01-01,2002-06-01,1995-02-09,1999-11-26,,,licence_ended_kind_unknown,ended_kind_unknown,,справочник BNKSEEK: дата окончания лицензии,"вид прекращения: отзыв, аннулирование, присоединение или иное; дата и документ"
3214,"АКБ ""НБВК"" (АО)",1998-06-01,2019-07-01,1995-02-09,2019-07-12,,,licence_ended_kind_unknown,ended_kind_unknown,,справочник BNKSEEK: дата окончания лицензии,"вид прекращения: отзыв, аннулирование, присоединение или иное; дата и документ"
3215,"КБ ""ИНТЕГРО"" ОАО",1998-01-01,2008-11-01,1995-02-10,2008-11-26,2008-11-26,,licence_revoked,economic,,"Вестник: liq_table,order",номер приказа об отзыве
3216,"КБ ""Интерконтиненталь""",1998-01-01,2002-12-01,1995-02-10,1999-10-04,,,licence_ended_kind_unknown,ended_kind_unknown,,справочник BNKSEEK: дата окончания лицензии,"вид прекращения: отзыв, аннулирование, присоединение или иное; дата и документ"
3217,МОСКОВСКИЙ БАНК РАЗВИТИЯ,1998-01-01,1999-05-01,,1998-05-05,,,merged,merged,2220,Вестник: table,дата регистрации (начала лицензии)
3218,"АКБ ""ОБЩИЙ"" (ОАО)",1998-06-01,2007-05-01,1995-02-15,2007-06-05,2007-06-06,,licence_revoked,aml,,"Вестник: liq_table,order",номер приказа об отзыве
3221,ПРАКТИКА-БАНК,1998-01-01,2004-11-01,1995-02-20,1998-12-04,1998-12-04,ОД-595,licence_revoked,revoked_reason_unknown,,Вестник: liq_table,"причина отзыва: номер и дата приказа, основания (текст приказа или выпуск «Вестника Банка России»)"
3225,"ООО КБ ""ДИАМОНД-БАНК""",1998-01-01,2007-03-01,1995-03-01,2007-04-25,2007-04-25,,licence_revoked,aml,,"Вестник: liq_table,order",номер приказа об отзыве
3227,"ОАО КБ ""ПЕТРО-АЭРО-БАНК""",1998-01-01,2009-04-01,1995-03-09,2009-04-22,2009-04-22,,licence_revoked,false_only,,"Вестник: liq_table,order",номер приказа об отзыве
3228,КРАТОС,2001-12-01,2002-12-01,1995-03-09,1997-06-19,,,licence_ended_kind_unknown,ended_kind_unknown,,справочник BNKSEEK: дата окончания лицензии,"вид прекращения: отзыв, аннулирование, присоединение или иное; дата и документ"
3229,"АКБ ""Бенифит-банк"" (ЗАО)",1998-01-01,2015-10-01,1995-03-14,2015-11-02,2015-11-02,,licence_revoked,other,,Вестник: order,номер приказа об отзыве
3230,"АКБ ""АЛЬЯНС-КАПИТАЛ"" (ОАО)",1998-01-01,2006-01-01,1995-03-14,2006-04-26,2006-04-26,,licence_revoked,other,,"Вестник: liq_table,order",номер приказа об отзыве
3232,"СЗ АКБ ""КАРТЕЛЬБАНК""",1998-01-01,2004-08-01,1995-03-14,2001-09-17,2001-09-17,,licence_revoked,economic,,Вестник: liq_table,номер приказа об отзыве
3233,"ООО ИКБ ""ЛОГОС""",1998-01-01,2018-04-01,1995-03-14,2018-04-20,2018-04-20,,licence_revoked,aml,,Вестник: order,номер приказа об отзыве
3234,"ООО КБ ""Профит Банк""",1998-06-01,2015-09-01,1995-03-14,2015-09-08,2015-09-08,,licence_revoked,other,,"Вестник: liq_table,order",номер приказа об отзыве
3236,"ООО КБ ""СОЮЗНЫЙ""",1998-01-01,2018-10-01,1995-03-15,2018-10-25,2018-10-25,,licence_revoked,aml,,справочник/реестр ЦБ | причина по сообщению Банка России об отзыве (поиск 05.10.2026),номер приказа об отзыве
3237,"КБ ""Первый Экспресс"" (ОАО)",1998-01-01,2013-10-01,1995-03-21,2013-10-28,2013-10-28,,licence_revoked,false_only,,справочник/реестр ЦБ,номер приказа об отзыве
3238,"КБ ""Трансинвестбанк"" (ООО)",1998-01-01,2013-09-01,1995-03-22,2013-09-19,,,licence_ended_kind_unknown,ended_kind_unknown,,справочник BNKSEEK: дата окончания лицензии,"вид прекращения: отзыв, аннулирование, присоединение или иное; дата и документ"
3240,ТОММЕДБАНК,1998-01-01,2000-08-01,1995-03-22,1998-12-21,,,licence_ended_kind_unknown,ended_kind_unknown,,справочник BNKSEEK: дата окончания лицензии,"вид прекращения: отзыв, аннулирование, присоединение или иное; дата и документ"
3241,СОЮЗ-УНИВЕРСАЛ-БАНК,1998-01-01,2003-04-01,1995-03-22,1998-12-28,1998-12-28,,licence_revoked,economic,,Вестник: liq_table,номер приказа об отзыве
3248,"""РГКБ"" (ЗАО)",1998-01-01,2006-09-01,1995-04-18,2007-05-23,2007-05-23,,licence_revoked,revoked_reason_unknown,,Вестник: liq_table,"причина отзыва: номер и дата приказа, основания (текст приказа или выпуск «Вестника Банка России»); номер приказа об отзыве"
3249,МОСКОВСКИЙ ИННОВАЦИОННЫЙ БАНК,2003-12-01,2005-07-01,1995-04-18,1997-08-07,1997-08-07,02-352,licence_revoked,revoked_reason_unknown,,Вестник: liq_table,"причина отзыва: номер и дата приказа, основания (текст приказа или выпуск «Вестника Банка России»)"
3250,"ИКБ ""ОЛМА-Банк"" (ООО)",1998-06-01,2016-11-01,1995-04-18,2016-11-18,2016-11-18,,licence_revoked,economic,,Вестник: order,номер приказа об отзыве
3251,"ПАО ""Банк ПСБ""",1998-01-01,2019-08-01,1995-05-12,,,,stopped_reporting_but_active,,,,что произошло с банком после последнего отчёта
3254,МВ,1998-01-01,2004-02-01,1995-06-09,1999-05-18,1999-05-18,,licence_revoked,other,,Вестник: liq_table,номер приказа об отзыве
3256,"ООО КБ ""МИЛБАНК""",1998-01-01,2016-02-01,1995-06-27,2016-02-26,2016-02-26,,licence_revoked,other,,Вестник: order,номер приказа об отзыве
3259,"ЗАО КБ ""ИБЕРУС""",1998-01-01,2007-03-01,1995-06-28,2007-09-04,2007-09-05,,licence_revoked,aml,,"Вестник: liq_table,order",номер приказа об отзыве
3260,ТУЛЛИЗИНГИНВЕСТБАНК,1998-01-01,1999-07-01,,1998-11-05,,,licence_ended_kind_unknown,ended_kind_unknown,,справочник BNKSEEK: дата окончания лицензии,"вид прекращения: отзыв, аннулирование, присоединение или иное; дата и документ; дата регистрации (начала лицензии)"
3261,"ООО ""Внешпромбанк""",1998-01-01,2016-01-01,1995-07-03,2016-01-21,2016-01-21,,licence_revoked,economic,,Вестник: order,номер приказа об отзыве
3262,"ООО РИКБ ""Ринвестбанк""",1998-01-01,2016-07-01,1995-07-07,2016-07-14,2016-07-14,,licence_revoked,economic,,Вестник: order,номер приказа об отзыве
3263,"""АВГУСТОКОММЕРЦБАНК""",2004-03-01,2005-07-01,1995-07-07,1998-02-05,1998-02-05,ОД-50,licence_revoked,revoked_reason_unknown,,Вестник: liq_table,"причина отзыва: номер и дата приказа, основания (текст приказа или выпуск «Вестника Банка России»)"
3265,"ООО КБ ""Мегаполис""",1998-01-01,2021-03-01,1995-08-09,2021-03-26,2021-03-26,,licence_revoked,other,,Вестник: order,номер приказа об отзыве
3266,"АО КБ ""ИНТЕРПРОМБАНК""",1998-01-01,2021-04-01,1995-08-11,2021-04-16,2021-04-16,,licence_revoked,economic,,Вестник: press | причина по сообщению Банка России об отзыве (поиск 05.10.2026),номер приказа об отзыве
3267,"ОАО КБ ""МАСТ-Банк""",1998-01-01,2015-06-01,1995-08-18,2015-06-24,2015-06-24,,licence_revoked,economic,,Вестник: order,номер приказа об отзыве
3270,"КБ ""ВЕГА-БАНК"" (ООО)",1998-06-01,2016-12-01,1995-09-22,2016-12-09,2016-12-09,,licence_revoked,aml,,Вестник: order,номер приказа об отзыве
3272,"Коммерческий банк ""СДБ"" (ООО)",1998-01-01,2009-01-01,1995-10-09,2010-09-29,2010-09-29,,licence_revoked,aml,,справочник/реестр ЦБ,номер приказа об отзыве
3273,"АО ""ЕвроАксис Банк""",1998-01-01,2016-05-01,1995-10-24,2016-05-27,2016-05-27,,licence_revoked,economic,,Вестник: order,номер приказа об отзыве
3277,"ЗАО ""Республиканский банк""",1998-01-01,2012-09-01,1995-11-16,2012-09-17,,,licence_ended_kind_unknown,ended_kind_unknown,,справочник BNKSEEK: дата окончания лицензии,"вид прекращения: отзыв, аннулирование, присоединение или иное; дата и документ"
3278,"Банк ""ЦЕРИХ"" (ЗАО)",1998-01-01,2016-02-01,1995-11-16,2016-02-26,2016-02-26,,licence_revoked,aml,,Вестник: order,номер приказа об отзыве
3280,МежБизнесБанк (ООО),1998-06-01,2009-08-01,1995-12-04,2009-09-02,2009-09-03,,licence_revoked,aml,,"Вестник: liq_table,order",номер приказа об отзыве
3281,"ЗАО ""ГРКБ""",1998-01-01,2006-01-01,1995-12-13,2007-03-19,2007-03-19,,licence_revoked,aml,,Вестник: liq_table,номер приказа об отзыве
3282,"ООО ""М плюс""",1998-01-01,2010-10-01,1996-01-22,2010-10-20,,,licence_ended_kind_unknown,ended_kind_unknown,,справочник BNKSEEK: дата окончания лицензии,"вид прекращения: отзыв, аннулирование, присоединение или иное; дата и документ"
3284,"ЗАО ""Газэнергопромбанк""",1998-06-01,2010-08-01,1996-02-08,2010-08-02,,,licence_ended_kind_unknown,ended_kind_unknown,,справочник BNKSEEK: дата окончания лицензии,"вид прекращения: отзыв, аннулирование, присоединение или иное; дата и документ"
3285,"банк ""ИНТЕЛЛЕКТ-КАПИТАЛ""",2005-08-01,2006-01-01,1996-02-12,1997-09-19,1997-09-19,02-403,licence_revoked,revoked_reason_unknown,,Вестник: liq_table,"причина отзыва: номер и дата приказа, основания (текст приказа или выпуск «Вестника Банка России»)"
3286,"ООО ""Дагэнергобанк""",1998-01-01,2015-03-01,1996-02-27,2015-03-24,2015-03-24,,licence_revoked,false_only,,Вестник: order,номер приказа об отзыве
3288,"ООО КБ ""Финансовый капитал""",1998-01-01,2016-11-01,1996-04-03,2016-10-25,2016-10-25,,licence_revoked,economic,,Вестник: order,номер приказа об отзыве
3289,ЕРМОЛОВСКИЙ,1998-01-01,1999-02-01,,1999-03-11,,,licence_ended_kind_unknown,ended_kind_unknown,,справочник BNKSEEK: дата окончания лицензии,"вид прекращения: отзыв, аннулирование, присоединение или иное; дата и документ; дата регистрации (начала лицензии)"
3291,ООО ПЧРБ Банк,1998-01-01,2016-07-01,1996-05-28,2016-07-01,2016-07-01,,licence_revoked,economic,,Вестник: order,номер приказа об отзыве
3295,"ООО КБ ""ФПК""",1998-01-01,2018-02-01,1996-07-05,2018-02-09,,,licence_ended_kind_unknown,ended_kind_unknown,,справочник BNKSEEK: дата окончания лицензии,"вид прекращения: отзыв, аннулирование, присоединение или иное; дата и документ"
3299,"КБ ""Народный банк сбережений"" (ООО)",1998-01-01,2003-09-01,1996-07-24,2003-11-06,1996-07-24,,licence_revoked,revoked_reason_unknown,,Вестник: liq_table,"причина отзыва: номер и дата приказа, основания (текст приказа или выпуск «Вестника Банка России»); номер приказа об отзыве"
3302,"МБ ""СЕНАТОР"" (ООО)",1998-01-01,2009-10-01,1996-08-20,2009-10-28,2009-10-28,,licence_revoked,economic,,"Вестник: liq_table,order",номер приказа об отзыве
3304,"НКО АО ""ЛИДЕР""",1998-01-01,2018-04-01,1996-09-05,2018-04-13,2018-04-13,,licence_revoked,aml,,Вестник: order,номер приказа об отзыве
3305,"ООО ""МФД-Клиринг""",1999-04-01,2006-01-01,1996-10-01,2007-03-22,2007-03-22,,licence_revoked,aml,,"Вестник: liq_table,order",номер приказа об отзыве
3307,"АО ""Данске банк""",1998-01-01,2019-11-01,1996-11-28,2019-11-01,,,licence_ended_kind_unknown,ended_kind_unknown,,справочник BNKSEEK: дата окончания лицензии,"вид прекращения: отзыв, аннулирование, присоединение или иное; дата и документ"
3308,ЗАО СРЦ,1998-01-01,2014-09-01,1997-02-11,2014-09-11,2014-09-11,,licence_revoked,aml,,"Вестник: liq_table,order",номер приказа об отзыве
3309,"НКО ""21 ВЕК"" (ООО)",1998-01-01,2019-07-01,1997-02-26,2019-07-12,2019-07-12,,licence_revoked,economic,,"Вестник: order,press",номер приказа об отзыве
3310,БАНК АВСТРИЯ (МОСКВА),1998-01-01,2001-09-01,1997-03-03,2001-09-28,,,licence_ended_kind_unknown,ended_kind_unknown,,справочник BNKSEEK: дата окончания лицензии,"вид прекращения: отзыв, аннулирование, присоединение или иное; дата и документ"
3312,"МБО ""ОРГБАНК"" (ООО)",1998-01-01,2020-08-01,1990-08-22,2020-08-03,,,licence_ended_kind_unknown,ended_kind_unknown,,справочник BNKSEEK: дата окончания лицензии,"вид прекращения: отзыв, аннулирование, присоединение или иное; дата и документ"
3313,ЗАО ЦРП,1998-06-01,2011-12-01,1992-06-02,2011-12-30,,,licence_ended_kind_unknown,ended_kind_unknown,,справочник BNKSEEK: дата окончания лицензии,"вид прекращения: отзыв, аннулирование, присоединение или иное; дата и документ"
3315,"АКБ ""БРР"" (ОАО)",1998-01-01,2013-10-01,1997-08-25,2013-10-14,2013-10-14,,licence_revoked,economic,,справочник/реестр ЦБ,номер приказа об отзыве
3316,"ЗАО ""Современный Коммерческий Банк""",1998-06-01,2014-12-01,1997-10-15,2014-12-05,,,licence_ended_kind_unknown,ended_kind_unknown,,справочник BNKSEEK: дата окончания лицензии,"вид прекращения: отзыв, аннулирование, присоединение или иное; дата и документ"
3317,"ЗАО ""СЕВЕРНАЯ КЛИРИНГОВАЯ ПАЛАТА""",1998-01-01,2014-09-01,1993-02-09,2014-09-22,2014-09-22,,licence_revoked,economic,,Вестник: order,номер приказа об отзыве
3319,"РНКО ""ФРЦ"" АО",1998-06-01,2015-08-01,1997-11-11,2015-08-03,2015-08-03,,licence_revoked,aml,,"Вестник: liq_table,order",номер приказа об отзыве
3320,ЧО ХУНГ БАНК (МОСКВА) ЛТД.,1998-06-01,2000-07-01,1997-11-19,1999-12-20,,,licence_ended_kind_unknown,ended_kind_unknown,,справочник BNKSEEK: дата окончания лицензии,"вид прекращения: отзыв, аннулирование, присоединение или иное; дата и документ"
3321,"ЗАО ""РП РВФБ""",1998-02-01,2006-01-01,1997-12-03,2007-12-19,2007-12-19,,licence_revoked,aml,,Вестник: liq_table,номер приказа об отзыве
3322,"ЗАО НКО ""МУРП""",1998-06-01,2014-10-01,1997-12-26,2014-10-27,2014-10-27,,licence_revoked,aml,,"Вестник: liq_table,order",номер приказа об отзыве
3323,"НКО ЗАО ""МИГОМ""",1998-02-01,2014-03-01,1997-12-26,2014-03-18,2014-03-18,,licence_revoked,aml,,Вестник: order,номер приказа об отзыве
3325,ЗАО НКО МРЦ,1998-01-01,2012-11-01,1993-08-18,2012-11-02,2012-11-02,,licence_revoked,economic,,Вестник: liq_table | причина по сообщению Банка России об отзыве (поиск 05.10.2026),номер приказа об отзыве
3326,ЗАО УРП,1998-01-01,2014-07-01,1995-02-20,2014-07-11,2014-07-11,,licence_revoked,aml,,Вестник: liq_table,номер приказа об отзыве
3332,"АО НКО ""Сетевая Расчетная Палата""",1999-01-01,2021-03-01,1998-11-19,2021-03-12,2021-03-12,,licence_revoked,other,,"Вестник: order,press",номер приказа об отзыве
3334,"АКБ ""БАНК ХАКАСИИ"" (ОАО)",1999-03-01,2011-12-01,1998-12-21,2011-12-21,,,licence_ended_kind_unknown,ended_kind_unknown,,справочник BNKSEEK: дата окончания лицензии,"вид прекращения: отзыв, аннулирование, присоединение или иное; дата и документ"
3335,"НКО ""Расчетная палата РТС"" (ЗАО)",1999-04-01,2014-08-01,1998-12-31,2014-08-01,,,licence_ended_kind_unknown,ended_kind_unknown,,справочник BNKSEEK: дата окончания лицензии,"вид прекращения: отзыв, аннулирование, присоединение или иное; дата и документ"
3339,"АО ""Си Ди Би БАНК""",1999-10-01,2018-12-01,1999-04-12,2018-12-06,,,licence_ended_kind_unknown,ended_kind_unknown,,справочник BNKSEEK: дата окончания лицензии,"вид прекращения: отзыв, аннулирование, присоединение или иное; дата и документ"
3342,"НКО ""ОРС"" (АО)",1999-11-01,2020-04-01,1999-08-11,2020-04-27,,,licence_ended_kind_unknown,ended_kind_unknown,,справочник BNKSEEK: дата окончания лицензии,"вид прекращения: отзыв, аннулирование, присоединение или иное; дата и документ"
3343,"АО НКО ""ПКД""",2000-04-01,2017-11-01,2000-01-12,2017-11-14,2017-11-14,,licence_revoked,aml,,Вестник: order,номер приказа об отзыве
3344,"КБ ""МИА"" (АО)",2000-09-01,2020-08-01,2000-01-20,2020-08-28,,,licence_ended_kind_unknown,ended_kind_unknown,,справочник BNKSEEK: дата окончания лицензии,"вид прекращения: отзыв, аннулирование, присоединение или иное; дата и документ"
3345,"ООО КБ ""Объединенный банк развития""",2000-05-01,2012-06-01,2000-02-07,2012-06-15,2012-06-15,,licence_revoked,economic,,Вестник: liq_table,номер приказа об отзыве
3346,"ОАО НКО ""Городской расчетный центр""",2000-06-01,2012-11-01,2000-02-29,2012-11-12,2012-11-12,,licence_revoked,economic,,Вестник: liq_table,номер приказа об отзыве
3347,"НКО ООО ""КУМОСТ-ИНКАСС""",2000-06-01,2006-01-01,2000-03-16,2006-09-20,2006-09-20,,licence_revoked,aml,,"Вестник: liq_table,order",номер приказа об отзыве
3348,"ООО КБ ""ПРОМКРЕДИТБАНК""",2000-07-01,2008-05-01,2000-04-18,2008-06-04,2008-06-05,,licence_revoked,aml,,"Вестник: liq_table,order",номер приказа об отзыве
3350,"ООО КБ ""Расчетный Дом""",2000-10-01,2016-02-01,2000-06-02,2016-02-26,2016-02-26,,licence_revoked,aml,,Вестник: order,номер приказа об отзыве
3351,"АО ""РФИ БАНК""",2001-12-01,2021-06-01,2000-11-10,2021-06-04,,,licence_ended_kind_unknown,ended_kind_unknown,,справочник BNKSEEK: дата окончания лицензии,"вид прекращения: отзыв, аннулирование, присоединение или иное; дата и документ"
3352,"НКО ООО ""СНП КРЕДИТ""",2001-01-01,2004-01-01,2000-11-10,2002-08-27,2002-08-27,,licence_revoked,economic,,"Вестник: liq_table,order",номер приказа об отзыве
3353,"НКО ООО ""АРБ-ИНКАСС""",2001-06-01,2019-02-01,2000-11-10,2019-02-15,2019-02-15,,licence_revoked,other,,Вестник: order,номер приказа об отзыве
3355,"ООО КБ ""ЮНИОН-ТРЭЙД""",2001-04-01,2006-05-01,2000-12-20,2006-06-22,2006-06-22,,licence_revoked,aml,,"Вестник: liq_table,order",номер приказа об отзыве
3356,"АКБ ""МФТ-Банк"" (ОАО)",2001-03-01,2010-12-01,2000-12-20,2011-01-17,,,licence_ended_kind_unknown,ended_kind_unknown,,справочник BNKSEEK: дата окончания лицензии,"вид прекращения: отзыв, аннулирование, присоединение или иное; дата и документ"
3357,"ООО КБ ""Регионфинансбанк""",2001-03-01,2017-11-01,2000-12-20,2017-11-17,2017-11-17,,licence_revoked,aml,,Вестник: order,номер приказа об отзыве
3359,"ООО КБ ""НР Банк""",2001-04-01,2013-10-01,2000-12-20,2013-10-07,2013-10-07,,licence_revoked,other,,Вестник: liq_table,номер приказа об отзыве
3360,"ПАО ""Крайинвестбанк""",2001-07-01,2020-01-01,2001-02-14,2020-01-01,,,merged,merged,,Вестник: asv,"правопреемник: рег. номер банка, к которому присоединён"
3361,"ЗАО ""МИРА-БАНК""",2001-05-01,2008-10-01,2001-03-14,2008-11-11,2008-11-12,,licence_revoked,economic,,Вестник: order,номер приказа об отзыве
3362,"ООО Банк ""ТФК""",2001-08-01,2006-01-01,2001-04-11,2006-08-30,2006-08-30,,licence_revoked,aml,,"Вестник: liq_table,order",номер приказа об отзыве
3363,"ОАО КБ ""ИНТЕРКОНТАКТ""",2001-07-01,2006-01-01,2001-04-11,2006-07-26,2006-07-26,,licence_revoked,aml,,"Вестник: liq_table,order",номер приказа об отзыве
3364,"КБ ""КБР БАНК"" (ООО)",2001-08-01,2015-12-01,2001-04-11,2015-12-14,2015-12-14,,licence_revoked,aml,,Вестник: order,номер приказа об отзыве
3367,"ООО КБ ""РБС""",2001-07-01,2015-11-01,2001-04-11,2015-11-10,2015-11-10,,licence_revoked,economic,,Вестник: order,номер приказа об отзыве
3369,"ООО КБ ""Банк промышленного развития""",2001-07-01,2008-01-01,2001-04-11,2008-01-29,2008-01-29,,licence_revoked,aml,,"Вестник: liq_table,order",номер приказа об отзыве
3370,"ООО КБ ""МК Банк""",2001-07-01,2014-04-01,2001-04-11,2014-04-24,2014-04-24,,licence_revoked,aml,,"Вестник: liq_table,order",номер приказа об отзыве
3372,"КБ ООО ""ПриватХолдингБанк""",2001-08-01,2010-12-01,2001-04-24,2010-12-13,2010-12-13,,licence_revoked,other,,Вестник: liq_table,номер приказа об отзыве
3373,"""РЕГНУМ БАНК"" (ООО)",2001-10-01,2016-02-01,2001-05-10,2016-02-05,2016-02-05,,licence_revoked,false_only,,Вестник: order,номер приказа об отзыве
3374,"ООО ""ОБМБ""",2001-11-01,2007-12-01,2001-07-19,2008-01-10,2008-01-10,,licence_revoked,aml,,"Вестник: liq_table,order",номер приказа об отзыве
3375,"КБ ""Охотный ряд"" (ООО)",2001-10-01,2012-02-01,2001-07-19,2012-02-10,,,licence_ended_kind_unknown,ended_kind_unknown,,справочник BNKSEEK: дата окончания лицензии,"вид прекращения: отзыв, аннулирование, присоединение или иное; дата и документ"
3376,"ООО КБ ""ЕАФА-БАНК""",2001-12-01,2006-01-01,2001-07-19,2006-06-27,2006-06-27,,licence_revoked,aml,,"Вестник: liq_table,order",номер приказа об отзыве
3378,"""Интерактивный Банк"" (ООО)",2001-10-01,2016-04-01,2001-07-31,2016-04-26,2016-04-26,,licence_revoked,other,,Вестник: order,номер приказа об отзыве
3380,"АО ""Телекоммерц Банк""",2002-03-01,2018-03-01,2001-11-05,2018-03-21,2018-03-21,,licence_revoked,aml,,Вестник: order,номер приказа об отзыве
3381,"НКО ""Первый земельный РЦ"" (ООО)",2002-01-01,2014-12-01,2001-11-05,2014-12-10,2014-12-10,,licence_revoked,aml,,"Вестник: liq_table,order",номер приказа об отзыве
3382,"ООО НКО ""Межрегиональный расчетный центр""",2002-05-01,2006-01-01,2001-11-05,2007-01-17,2007-01-17,,licence_revoked,aml,,"Вестник: liq_table,order",номер приказа об отзыве
3383,"НКО ""Евроинвест"" (ООО)",2002-02-01,2015-06-01,2001-11-05,2015-06-10,2015-06-10,,licence_revoked,aml,,"Вестник: liq_table,order",номер приказа об отзыве
3384,"""Дил-банк"" (ООО)",2002-03-01,2015-12-01,2001-11-05,2015-12-14,2015-12-14,,licence_revoked,economic,,Вестник: order,номер приказа об отзыве
3385,"КБ ""КРК"" (ОАО)",2002-03-01,2014-07-01,2001-11-05,2014-07-11,2014-07-11,,licence_revoked,aml,,справочник/реестр ЦБ,номер приказа об отзыве
3386,"ООО ""НРК""",2002-03-01,2014-01-01,2001-11-05,2014-01-20,2014-01-20,,licence_revoked,false_only,,"Вестник: liq_table,order",номер приказа об отзыве
3391,"ЗАО ""БДК""",2002-05-01,2010-12-01,2002-01-23,2010-12-28,2010-12-28,,licence_revoked,false_only,,Вестник: liq_table,номер приказа об отзыве
3392,"ОАО КБ ""ГОРОДСКОЙ КЛИЕНТСКИЙ""",2002-06-01,2006-12-01,2002-01-23,2007-01-31,2007-01-31,,licence_revoked,economic,,"Вестник: liq_table,order",номер приказа об отзыве
3393,"КБ ""РИАЛ-КРЕДИТ"" (ООО)",2002-03-01,2018-10-01,2002-01-23,2018-10-19,2018-10-19,,licence_revoked,aml,,Вестник: order,номер приказа об отзыве
3394,"""РРБ"" (ЗАО)",2002-04-01,2008-06-01,2002-01-23,2008-07-02,2008-07-03,,licence_revoked,aml,,"Вестник: liq_table,order",номер приказа об отзыве
3396,"АО ""МБ Банк""",2002-08-01,2020-06-01,2002-01-30,,,,stopped_reporting_but_active,,,,что произошло с банком после последнего отчёта
3397,"КБ ""ССтБ"" (ООО)",2002-05-01,2021-03-01,2002-02-06,2021-03-12,2021-03-12,,licence_revoked,revoked_reason_unknown,,Вестник: press,"причина отзыва: номер и дата приказа, основания (текст приказа или выпуск «Вестника Банка России»); номер приказа об отзыве"
3398,"ООО ""Вестинтербанк""",2002-05-01,2016-11-01,2002-02-06,2016-10-27,2016-10-27,,licence_revoked,other,,Вестник: order,номер приказа об отзыве
3399,"КБ ""Природа"" (ООО)",2002-07-01,2014-01-01,2002-03-18,2014-01-31,2014-01-31,,licence_revoked,other,,Вестник: liq_table,номер приказа об отзыве
3400,"РНКО ""ЦМР"" (ООО)",2002-08-01,2014-10-01,2002-03-18,2014-10-27,2014-10-27,,licence_revoked,economic,,"Вестник: liq_table,order",номер приказа об отзыве
3401,"АО ""РТС-Банк""",2002-08-01,2019-03-01,2002-04-11,2019-04-17,2019-03-14,,licence_revoked,other,,Вестник: order,номер приказа об отзыве
3402,"КБ ""УНИВЕРСАЛТРАСТ"" (ООО)",2002-10-01,2012-04-01,2002-04-11,2012-04-13,,,licence_ended_kind_unknown,ended_kind_unknown,,справочник BNKSEEK: дата окончания лицензии,"вид прекращения: отзыв, аннулирование, присоединение или иное; дата и документ"
3404,"ООО ""Трастовый Республиканский Банк""",2002-06-01,2014-09-01,2002-04-11,2014-09-11,2014-09-11,,licence_revoked,other,,Вестник: order,номер приказа об отзыве
3406,"ООО КБ ""Объединенный Кредитный Альянс""",2002-07-01,2007-02-01,2002-04-11,2007-03-19,2007-03-19,,licence_revoked,aml,,"Вестник: liq_table,order",номер приказа об отзыве
3408,"АО ""СМАРТБАНК""",2002-09-01,2016-03-01,2002-05-28,2016-03-28,2016-03-28,,licence_revoked,aml,,Вестник: order,номер приказа об отзыве
3409,"КБ ""УБС"" (ООО)",2002-08-01,2008-06-01,2002-05-28,2008-06-25,2008-06-25,,licence_revoked,revoked_reason_unknown,,Вестник: liq_table,"причина отзыва: номер и дата приказа, основания (текст приказа или выпуск «Вестника Банка России»); номер приказа об отзыве"
3410,"ООО КБ ""ЭПИН-БАНК""",2002-08-01,2007-04-01,2002-05-28,2007-05-10,2007-05-10,,licence_revoked,aml,,Вестник: liq_table,номер приказа об отзыве
3411,"КБ ""Евросоюз"" (ООО)",2002-09-01,2011-08-01,2002-05-28,2011-08-25,2011-08-25,,licence_revoked,economic,,Вестник: liq_table,номер приказа об отзыве
3412,"КБ ""ЭКСИТОН"" (ООО)",2002-08-01,2006-05-01,2002-05-28,2006-06-22,2006-06-22,,licence_revoked,aml,,"Вестник: liq_table,order",номер приказа об отзыве
3418,"КБ ""ВЕБРР"" (ООО)",2002-09-01,2013-08-01,2002-06-20,2013-08-09,,,licence_ended_kind_unknown,ended_kind_unknown,,справочник BNKSEEK: дата окончания лицензии,"вид прекращения: отзыв, аннулирование, присоединение или иное; дата и документ"
3419,"ООО НКО ""Столичная расчетная палата""",2002-11-01,2012-07-01,2002-08-16,2016-12-22,2016-12-22,,licence_revoked,aml,,Вестник: order,номер приказа об отзыве
3420,"АО НКО ""Частный РКЦ""",2002-12-01,2019-07-01,2002-09-05,2019-07-12,2019-07-12,,licence_revoked,economic,,"Вестник: order,press",номер приказа об отзыве
3422,"""НАЦКОРПБАНК"" (АО)",2003-01-01,2016-03-01,2002-10-14,2016-03-17,2016-03-17,,licence_revoked,economic,,Вестник: order,номер приказа об отзыве
3423,"""Миллениум Банк"" (ЗАО)",2003-02-01,2016-02-01,2002-11-13,2016-02-05,2016-02-05,,licence_revoked,economic,,Вестник: order,номер приказа об отзыве
3424,"НКО ЗАО ""МежрегионКлирингЦентр""",2003-08-01,2012-12-01,2002-11-15,2012-12-27,2012-12-27,,licence_revoked,other,,Вестник: liq_table,номер приказа об отзыве
3426,"НКО ""ИНКАБОР"" (ЗАО)",2003-10-01,2006-01-01,2002-11-18,2006-02-01,2006-02-01,,licence_revoked,other,,"Вестник: liq_table,order",номер приказа об отзыве
3427,"НКО ""Русское финансовое общество"" (ООО)",2003-03-01,2021-07-01,2002-11-15,2021-07-23,2021-07-23,,licence_revoked,aml,,"Вестник: order,press",номер приказа об отзыве
3429,"ЗАО ""Альфа-Банк-Казань""",2003-03-01,2006-10-01,2002-12-02,2006-12-20,2006-12-20,,licence_revoked,aml,,Вестник: liq_table,номер приказа об отзыве
3430,"АО НКО ""Расчетный Финансовый Дом""",2003-04-01,2017-06-01,2002-12-27,2017-06-19,2017-06-19,,licence_revoked,aml,,Вестник: order,номер приказа об отзыве
3431,"АО ""ТРОЙКА-Д БАНК""",2003-04-01,2019-04-01,2002-12-31,2019-04-17,2019-04-17,,licence_revoked,other,,Вестник: press | причина по сообщению Банка России об отзыве (поиск 05.10.2026),номер приказа об отзыве
3432,"ООО ""Банк Евро Трейд""",2003-05-01,2009-06-01,2002-12-26,2009-07-01,2009-07-01,,licence_revoked,economic,,"Вестник: liq_table,order",номер приказа об отзыве
3433,"ООО КБ ""Стар Альянс""",2003-09-01,2018-01-01,2003-04-15,2018-01-25,2018-01-25,,licence_revoked,aml,,Вестник: order,номер приказа об отзыве
3434,"""РИАБАНК"" (АО)",2003-08-01,2017-08-01,2003-04-17,2017-08-17,2017-08-17,,licence_revoked,economic,,Вестник: order,номер приказа об отзыве
3435,"ООО КБ ""ИКФ""",2003-10-01,2014-07-01,2003-04-23,2014-07-07,2014-07-07,,licence_revoked,economic,,Вестник: order,номер приказа об отзыве
3438,"НКО ""НРКО"" (ООО)",2004-02-01,2006-01-01,2003-06-10,2006-03-29,2006-03-29,,licence_revoked,aml,,"Вестник: liq_table,order",номер приказа об отзыве
3439,"КБ ""ДС-Банк"" (ООО)",2003-11-01,2016-04-01,2003-07-08,2016-05-12,2016-05-12,,licence_revoked,false_only,,Вестник: order,номер приказа об отзыве
3440,"ПАО КБ ""ТЭСТ""",2003-11-01,2015-06-01,2003-07-21,2015-06-24,2015-06-24,,licence_revoked,aml,,"Вестник: liq_table,order",номер приказа об отзыве
3441,"КБ ""БРТ"" (АО)",2003-10-01,2016-05-01,2003-07-21,2016-05-27,2016-05-27,,licence_revoked,economic,,Вестник: order,номер приказа об отзыве
3442,"КБ ""НПК-БАНК"" (ООО)",2003-11-01,2008-04-01,2003-07-21,2009-03-30,2009-03-30,,licence_revoked,economic,,"Вестник: liq_table,order",номер приказа об отзыве
3443,"ООО КБ ""Анелик РУ""",2004-01-01,2017-08-01,2003-09-05,2017-08-09,2017-08-09,,licence_revoked,aml,,Вестник: order,номер приказа об отзыве
3444,"ЗАО ""Банк Интеза""",2003-12-01,2010-01-01,2003-09-16,2010-01-11,,,licence_ended_kind_unknown,ended_kind_unknown,,справочник BNKSEEK: дата окончания лицензии,"вид прекращения: отзыв, аннулирование, присоединение или иное; дата и документ"
3445,"ООО КБ ""Взаимный банк""",2004-03-01,2009-07-01,2003-10-21,2009-10-08,2009-10-09,,licence_revoked,economic,,"Вестник: liq_table,order",номер приказа об отзыве
3447,"РНКО ""ИРЦ"" АО",2004-06-01,2018-08-01,2003-11-19,2018-08-10,2018-08-10,,licence_revoked,economic,,Вестник: order,номер приказа об отзыве
3448,"КБ ""БИКБАНК"" (ООО)",2004-03-01,2007-11-01,2003-11-19,2007-11-26,2007-11-26,,licence_revoked,aml,,"Вестник: liq_table,order",номер приказа об отзыве
3449,"ООО КБ ""Европейский Экспресс""",2004-05-01,2014-11-01,2004-01-27,2014-11-11,2014-11-11,,licence_revoked,aml,,"Вестник: liq_table,order",номер приказа об отзыве
3453,"КБ ""ЕВРОСТРОЙБАНК"" (ООО)",2005-06-01,2006-01-01,2005-02-01,2007-01-24,2007-01-24,,licence_revoked,aml,,"Вестник: liq_table,order",номер приказа об отзыве
3455,"ЗАО КБ ""Свенска Хандельсбанкен""",2005-09-01,2012-09-01,2005-05-06,2012-09-03,2012-09-03,,licence_revoked,revoked_reason_unknown,,Вестник: liq_table,"причина отзыва: номер и дата приказа, основания (текст приказа или выпуск «Вестника Банка России»); номер приказа об отзыве"
3456,"ООО ""Морган Стэнли Банк""",2005-09-01,2020-05-01,2005-06-08,2020-05-27,,,licence_ended_kind_unknown,ended_kind_unknown,,справочник BNKSEEK: дата окончания лицензии,"вид прекращения: отзыв, аннулирование, присоединение или иное; дата и документ"
3457,"АО ""ФОРУС Банк""",2005-09-01,2016-11-01,2005-06-24,2016-12-19,2016-12-19,,licence_revoked,economic,,Вестник: order,номер приказа об отзыве
3458,"ЗАО НДКО ""ЖМС""",2005-11-01,2011-07-01,2005-06-30,2011-07-06,,,licence_ended_kind_unknown,ended_kind_unknown,,справочник BNKSEEK: дата окончания лицензии,"вид прекращения: отзыв, аннулирование, присоединение или иное; дата и документ"
3471,"КБ ""МБК"" ООО",2007-08-01,2014-08-01,2007-04-16,2014-08-28,,,licence_ended_kind_unknown,ended_kind_unknown,,справочник BNKSEEK: дата окончания лицензии,"вид прекращения: отзыв, аннулирование, присоединение или иное; дата и документ"
3472,"НКО ""КредитАльянс"" (ООО)",2010-02-01,2016-06-01,2007-06-21,2016-06-08,2016-06-08,,licence_revoked,economic,,"Вестник: liq_table,order",номер приказа об отзыве
3474,"ЗАО НКО ""ДКД""",2009-09-01,2013-08-01,2007-07-26,2013-08-22,,,licence_ended_kind_unknown,ended_kind_unknown,,справочник BNKSEEK: дата окончания лицензии,"вид прекращения: отзыв, аннулирование, присоединение или иное; дата и документ"
3476,"АКБ ""Терра"" ЗАО",2009-09-01,2016-07-01,2007-10-18,2016-07-28,2016-07-28,,licence_revoked,other,,Вестник: order,номер приказа об отзыве
3477,"ООО ""Атлас Банк""",2009-09-01,2014-04-01,2007-10-17,2014-05-05,2014-05-05,,licence_revoked,aml,,"Вестник: liq_table,order",номер приказа об отзыве
3480,"ООО ""РАМ Банк""",2008-07-01,2019-07-01,2007-12-27,2019-07-26,2019-07-26,,licence_revoked,economic,,Вестник: press | причина по сообщению Банка России об отзыве (поиск 05.10.2026),номер приказа об отзыве
3481,"ООО ""Банк ПСА Финанс РУС""",2009-09-01,2021-02-01,2008-03-13,2021-02-18,,,licence_ended_kind_unknown,ended_kind_unknown,,справочник BNKSEEK: дата окончания лицензии,"вид прекращения: отзыв, аннулирование, присоединение или иное; дата и документ"
3483,НКО Красноярский Краевой Расчетный Центр ООО,2009-10-01,2021-05-01,2008-05-19,2021-05-21,2021-05-21,,licence_revoked,aml,,Вестник: press,номер приказа об отзыве
3484,"КБ ""МСБ"" (ООО)",2009-07-01,2017-04-01,2008-05-29,2017-04-28,2017-04-28,,licence_revoked,economic,,Вестник: order,номер приказа об отзыве
3485,"РНКО ""РЦ ЭНЕРГОБИЗНЕС"" (ООО)",2009-09-01,2014-03-01,2008-06-24,2014-03-26,,,licence_ended_kind_unknown,ended_kind_unknown,,справочник BNKSEEK: дата окончания лицензии,"вид прекращения: отзыв, аннулирование, присоединение или иное; дата и документ"
3486,"НКО ""ФИНЧЕР"" (ООО)",2009-10-01,2021-09-01,2008-06-24,2021-09-24,,,licence_ended_kind_unknown,ended_kind_unknown,,справочник BNKSEEK: дата окончания лицензии,"вид прекращения: отзыв, аннулирование, присоединение или иное; дата и документ"
3487,"РНКО ""РБЦ"" (ООО)",2009-09-01,2014-08-01,2008-07-07,2014-08-18,2014-08-18,,licence_revoked,aml,,"Вестник: liq_table,order",номер приказа об отзыве
3488,"ЗАО ""Рабобанк""",2010-04-01,2011-02-01,2008-09-24,2011-02-16,2011-02-16,,licence_revoked,revoked_reason_unknown,,Вестник: liq_table,"причина отзыва: номер и дата приказа, основания (текст приказа или выпуск «Вестника Банка России»); номер приказа об отзыве"
3489,"ОАО НДКО ""МЦМ""",2010-07-01,2014-01-01,2008-10-27,2014-01-31,,,licence_ended_kind_unknown,ended_kind_unknown,,справочник BNKSEEK: дата окончания лицензии,"вид прекращения: отзыв, аннулирование, присоединение или иное; дата и документ"
3491,"ООО ""Идеалбанк""",2009-09-01,2015-04-01,2008-11-20,2015-04-17,2015-04-17,,licence_revoked,economic,,"Вестник: liq_table,order",номер приказа об отзыве
3492,"КБ ""НОВОЕ ВРЕМЯ"" (ООО)",2009-09-01,2018-08-01,2008-11-27,2018-08-03,,,licence_ended_kind_unknown,ended_kind_unknown,,справочник BNKSEEK: дата окончания лицензии,"вид прекращения: отзыв, аннулирование, присоединение или иное; дата и документ"
3495,"ООО ""ЮМК банк""",2009-12-01,2021-03-01,2009-05-12,2021-03-19,2021-03-19,,licence_revoked,aml,,Вестник: press,номер приказа об отзыве
3496,"НКО ""Финансовые услуги"" (ООО)",2009-09-01,2014-10-01,2009-06-11,2014-10-27,2014-10-27,,licence_revoked,economic,,"Вестник: liq_table,order",номер приказа об отзыве
3497,"ООО НКО ""Тор Кредит""",2010-02-01,2015-11-01,2009-06-15,2015-11-10,2015-11-10,,licence_revoked,economic,,Вестник: order,номер приказа об отзыве
3498,"КБ ""Еврорасчет"" (ООО)",2009-12-01,2011-12-01,2009-08-28,2011-12-26,2011-12-26,,licence_revoked,economic,,Вестник: liq_table,номер приказа об отзыве
3499,"Коммерческий банк ""ФинТех"" (ООО)",2010-04-01,2020-12-01,2009-12-03,2020-12-11,2020-12-11,,licence_revoked,aml,,"Вестник: order,press",номер приказа об отзыве
3502,"АО РНКО ""ФБ""",2011-07-01,2017-06-01,2011-04-04,2017-06-19,2017-06-19,,licence_revoked,aml,,Вестник: order,номер приказа об отзыве
3503,"ООО ""Джаст Банк""",2012-02-01,2015-11-01,2011-07-13,2015-11-02,2015-11-02,,licence_revoked,false_only,,Вестник: order,номер приказа об отзыве
3506,"Сибирский Банк ""Сириус"" (ООО)",2012-10-01,2017-01-01,2012-02-20,2017-01-23,2017-01-23,,licence_revoked,aml,,Вестник: order,номер приказа об отзыве
3509,"НКО ""ЭПС"" (ООО)",2014-07-01,2021-04-01,2012-06-27,2021-04-09,,,licence_ended_kind_unknown,ended_kind_unknown,,справочник BNKSEEK: дата окончания лицензии,"вид прекращения: отзыв, аннулирование, присоединение или иное; дата и документ"
3513,"ООО НКО ""Дельта Кей""",2014-07-01,2015-01-01,2012-12-18,2015-03-06,2015-03-06,,licence_revoked,aml,,"Вестник: liq_table,order",номер приказа об отзыве
3514,"НКО ""Премиум"" (ООО)",2014-07-01,2021-10-01,2013-02-21,2021-12-17,2021-12-17,,licence_revoked,aml,,"Вестник: order,press",номер приказа об отзыве
3517,"ООО НКО ""ПэйПал РУ""",2014-07-01,2022-01-01,2013-03-13,,,,stopped_reporting_but_active,,,,что произошло с банком после последнего отчёта
3518,"ООО НКО ""Твои платежи""",2017-07-01,2022-01-01,2013-04-08,,,,stopped_reporting_but_active,,,,что произошло с банком после последнего отчёта
3520,"РНКО ""ИНЭКО"" (ООО)",2017-07-01,2022-01-01,2013-05-29,,,,liquidated_reason_unknown,,,,что произошло с банком после последнего отчёта
3521,"НКО ""ЮТИКПЭЙ"" (ООО)",2014-07-01,2014-10-01,2013-06-25,2014-10-16,2014-10-16,,licence_revoked,aml,,"Вестник: liq_table,order",номер приказа об отзыве
3523,"ООО НКО ""МОБИ.Деньги""",2014-07-01,2022-01-01,2013-10-22,,,,stopped_reporting_but_active,,,,что произошло с банком после последнего отчёта
3528,"АО ""Севастопольский Морской банк""",2016-03-01,2021-11-01,2014-08-15,2021-11-04,,,licence_ended_kind_unknown,ended_kind_unknown,,справочник BNKSEEK: дата окончания лицензии,"вид прекращения: отзыв, аннулирование, присоединение или иное; дата и документ"
3530,"ООО РНКО ""Платежный Стандарт""",2017-07-01,2020-12-01,2014-12-05,2020-12-25,2020-12-25,,licence_revoked,aml,,"Вестник: order,press",номер приказа об отзыве
3531,ЦМРБанк (ООО),2017-10-01,2020-01-01,2015-04-28,,,,stopped_reporting_but_active,,,,что произошло с банком после последнего отчёта
3532,"НКО ""Перспектива"" (ООО)",2017-10-01,2022-01-01,2015-06-11,,,,stopped_reporting_but_active,,,,что произошло с банком после последнего отчёта
3535,"ООО НКО ""ЭЛПЛАТ""",2017-09-01,2022-01-01,2016-07-25,,,,stopped_reporting_but_active,,,,что произошло с банком после последнего отчёта
